Distance,3min,3min_sim,6min,6min_sim,10min,10min_sim,15min,15min_sim,50min_sim,100min_sim,200min_sim,
3.50000e+01,1.96179e+01,1.96283e+01,1.96065e+01,1.96168e+01,1.95722e+01,1.95933e+01,1.95467e+01,1.95610e+01,1.93964e+01,1.92709e+01,1.91334e+01,
3.52713e+01,1.96191e+01,1.96283e+01,1.96066e+01,1.96168e+01,1.95711e+01,1.95933e+01,1.95464e+01,1.95610e+01,1.93964e+01,1.92709e+01,1.91334e+01,
3.60112e+01,1.96224e+01,1.96282e+01,1.96070e+01,1.96166e+01,1.95682e+01,1.95930e+01,1.95457e+01,1.95608e+01,1.93963e+01,1.92708e+01,1.91334e+01,
3.67176e+01,1.96256e+01,1.96280e+01,1.96074e+01,1.96163e+01,1.95660e+01,1.95926e+01,1.95449e+01,1.95603e+01,1.93961e+01,1.92707e+01,1.91333e+01,
3.72315e+01,1.96278e+01,1.96278e+01,1.96077e+01,1.96159e+01,1.95669e+01,1.95921e+01,1.95444e+01,1.95598e+01,1.93958e+01,1.92706e+01,1.91333e+01,
3.77906e+01,1.96303e+01,1.96276e+01,1.96080e+01,1.96153e+01,1.95679e+01,1.95914e+01,1.95423e+01,1.95592e+01,1.93955e+01,1.92704e+01,1.91331e+01,
3.85078e+01,1.96313e+01,1.96271e+01,1.96084e+01,1.96145e+01,1.95691e+01,1.95903e+01,1.95374e+01,1.95581e+01,1.93949e+01,1.92700e+01,1.91330e+01,
3.92338e+01,1.96307e+01,1.96266e+01,1.96061e+01,1.96134e+01,1.95704e+01,1.95889e+01,1.95322e+01,1.95567e+01,1.93942e+01,1.92696e+01,1.91328e+01,
3.99166e+01,1.96301e+01,1.96260e+01,1.96029e+01,1.96121e+01,1.95716e+01,1.95874e+01,1.95274e+01,1.95552e+01,1.93934e+01,1.92692e+01,1.91325e+01,
4.06437e+01,1.96295e+01,1.96252e+01,1.95994e+01,1.96106e+01,1.95710e+01,1.95855e+01,1.95221e+01,1.95534e+01,1.93924e+01,1.92686e+01,1.91322e+01,
4.11619e+01,1.96290e+01,1.96246e+01,1.95969e+01,1.96094e+01,1.95679e+01,1.95840e+01,1.95184e+01,1.95519e+01,1.93916e+01,1.92682e+01,1.91320e+01,
4.17138e+01,1.96285e+01,1.96238e+01,1.95943e+01,1.96079e+01,1.95646e+01,1.95823e+01,1.95143e+01,1.95502e+01,1.93907e+01,1.92677e+01,1.91317e+01,
4.23966e+01,1.96279e+01,1.96227e+01,1.95910e+01,1.96059e+01,1.95604e+01,1.95799e+01,1.95089e+01,1.95479e+01,1.93895e+01,1.92670e+01,1.91314e+01,
4.31237e+01,1.96264e+01,1.96213e+01,1.95875e+01,1.96035e+01,1.95559e+01,1.95771e+01,1.95031e+01,1.95451e+01,1.93881e+01,1.92662e+01,1.91309e+01,
4.37694e+01,1.96245e+01,1.96199e+01,1.95846e+01,1.96012e+01,1.95519e+01,1.95743e+01,1.94979e+01,1.95425e+01,1.93867e+01,1.92654e+01,1.91305e+01,
4.43638e+01,1.96227e+01,1.96185e+01,1.95820e+01,1.95988e+01,1.95482e+01,1.95716e+01,1.94930e+01,1.95398e+01,1.93853e+01,1.92646e+01,1.91301e+01,
4.50466e+01,1.96207e+01,1.96167e+01,1.95789e+01,1.95959e+01,1.95431e+01,1.95683e+01,1.94873e+01,1.95366e+01,1.93837e+01,1.92637e+01,1.91296e+01,
4.57737e+01,1.96185e+01,1.96145e+01,1.95756e+01,1.95924e+01,1.95362e+01,1.95644e+01,1.94812e+01,1.95329e+01,1.93817e+01,1.92626e+01,1.91290e+01,
4.62919e+01,1.96170e+01,1.96127e+01,1.95732e+01,1.95898e+01,1.95313e+01,1.95615e+01,1.94757e+01,1.95301e+01,1.93803e+01,1.92618e+01,1.91286e+01,
4.68438e+01,1.96153e+01,1.96107e+01,1.95707e+01,1.95868e+01,1.95260e+01,1.95582e+01,1.94692e+01,1.95270e+01,1.93787e+01,1.92608e+01,1.91281e+01,
4.75266e+01,1.96133e+01,1.96079e+01,1.95649e+01,1.95828e+01,1.95193e+01,1.95538e+01,1.94611e+01,1.95229e+01,1.93766e+01,1.92596e+01,1.91274e+01,
4.82537e+01,1.96092e+01,1.96045e+01,1.95572e+01,1.95782e+01,1.95120e+01,1.95489e+01,1.94523e+01,1.95182e+01,1.93742e+01,1.92583e+01,1.91267e+01,
4.87719e+01,1.96049e+01,1.96019e+01,1.95516e+01,1.95747e+01,1.95068e+01,1.95452e+01,1.94459e+01,1.95147e+01,1.93724e+01,1.92573e+01,1.91262e+01,
4.93238e+01,1.96003e+01,1.95989e+01,1.95456e+01,1.95707e+01,1.94996e+01,1.95410e+01,1.94390e+01,1.95109e+01,1.93705e+01,1.92562e+01,1.91256e+01,
4.98338e+01,1.95960e+01,1.95958e+01,1.95399e+01,1.95669e+01,1.94919e+01,1.95370e+01,1.94325e+01,1.95072e+01,1.93686e+01,1.92551e+01,1.91250e+01,
5.03069e+01,1.95919e+01,1.95928e+01,1.95346e+01,1.95631e+01,1.94847e+01,1.95332e+01,1.94268e+01,1.95036e+01,1.93668e+01,1.92541e+01,1.91245e+01,
5.09037e+01,1.95868e+01,1.95887e+01,1.95278e+01,1.95581e+01,1.94754e+01,1.95281e+01,1.94201e+01,1.94989e+01,1.93644e+01,1.92527e+01,1.91238e+01,
5.14219e+01,1.95823e+01,1.95849e+01,1.95212e+01,1.95535e+01,1.94671e+01,1.95235e+01,1.94142e+01,1.94947e+01,1.93623e+01,1.92515e+01,1.91231e+01,
5.19738e+01,1.95774e+01,1.95805e+01,1.95122e+01,1.95484e+01,1.94582e+01,1.95184e+01,1.94079e+01,1.94901e+01,1.93599e+01,1.92502e+01,1.91224e+01,
5.26566e+01,1.95686e+01,1.95745e+01,1.95008e+01,1.95417e+01,1.94468e+01,1.95118e+01,1.93999e+01,1.94841e+01,1.93569e+01,1.92485e+01,1.91215e+01,
5.33837e+01,1.95587e+01,1.95676e+01,1.94884e+01,1.95340e+01,1.94319e+01,1.95045e+01,1.93913e+01,1.94774e+01,1.93536e+01,1.92466e+01,1.91205e+01,
5.39019e+01,1.95515e+01,1.95623e+01,1.94793e+01,1.95283e+01,1.94146e+01,1.94990e+01,1.93850e+01,1.94725e+01,1.93512e+01,1.92452e+01,1.91198e+01,
5.44538e+01,1.95438e+01,1.95562e+01,1.94694e+01,1.95219e+01,1.93954e+01,1.94929e+01,1.93777e+01,1.94671e+01,1.93485e+01,1.92437e+01,1.91190e+01,
5.49638e+01,1.95365e+01,1.95502e+01,1.94601e+01,1.95157e+01,1.93768e+01,1.94871e+01,1.93691e+01,1.94619e+01,1.93459e+01,1.92423e+01,1.91182e+01,
5.54369e+01,1.95296e+01,1.95443e+01,1.94512e+01,1.95097e+01,1.93589e+01,1.94816e+01,1.93610e+01,1.94570e+01,1.93435e+01,1.92409e+01,1.91175e+01,
5.60337e+01,1.95207e+01,1.95364e+01,1.94388e+01,1.95019e+01,1.93351e+01,1.94743e+01,1.93505e+01,1.94506e+01,1.93404e+01,1.92391e+01,1.91165e+01,
5.65519e+01,1.95113e+01,1.95290e+01,1.94276e+01,1.94947e+01,1.93263e+01,1.94678e+01,1.93412e+01,1.94448e+01,1.93376e+01,1.92375e+01,1.91157e+01,
5.71038e+01,1.95001e+01,1.95207e+01,1.94154e+01,1.94868e+01,1.93171e+01,1.94606e+01,1.93311e+01,1.94385e+01,1.93345e+01,1.92358e+01,1.91148e+01,
5.77866e+01,1.94859e+01,1.95097e+01,1.93998e+01,1.94764e+01,1.93054e+01,1.94514e+01,1.93183e+01,1.94305e+01,1.93306e+01,1.92336e+01,1.91136e+01,
5.85137e+01,1.94701e+01,1.94971e+01,1.93826e+01,1.94649e+01,1.92926e+01,1.94412e+01,1.93041e+01,1.94217e+01,1.93263e+01,1.92312e+01,1.91123e+01,
5.90319e+01,1.94586e+01,1.94875e+01,1.93699e+01,1.94562e+01,1.92833e+01,1.94337e+01,1.92982e+01,1.94152e+01,1.93232e+01,1.92294e+01,1.91114e+01,
5.95838e+01,1.94459e+01,1.94768e+01,1.93558e+01,1.94467e+01,1.92731e+01,1.94254e+01,1.92919e+01,1.94081e+01,1.93198e+01,1.92275e+01,1.91103e+01,
6.02666e+01,1.94297e+01,1.94626e+01,1.93373e+01,1.94343e+01,1.92602e+01,1.94148e+01,1.92840e+01,1.93990e+01,1.93155e+01,1.92250e+01,1.91090e+01,
6.09937e+01,1.94087e+01,1.94464e+01,1.93166e+01,1.94205e+01,1.92460e+01,1.94030e+01,1.92754e+01,1.93890e+01,1.93107e+01,1.92224e+01,1.91076e+01,
6.16394e+01,1.93884e+01,1.94310e+01,1.92975e+01,1.94076e+01,1.92330e+01,1.93922e+01,1.92676e+01,1.93799e+01,1.93064e+01,1.92199e+01,1.91063e+01,
6.22338e+01,1.93688e+01,1.94161e+01,1.92790e+01,1.93953e+01,1.92206e+01,1.93820e+01,1.92603e+01,1.93713e+01,1.93023e+01,1.92176e+01,1.91051e+01,
6.29166e+01,1.93451e+01,1.93979e+01,1.92568e+01,1.93805e+01,1.92071e+01,1.93698e+01,1.92507e+01,1.93611e+01,1.92975e+01,1.92149e+01,1.91037e+01,
6.36437e+01,1.93184e+01,1.93773e+01,1.92318e+01,1.93641e+01,1.91982e+01,1.93563e+01,1.92372e+01,1.93499e+01,1.92923e+01,1.92119e+01,1.91021e+01,
6.41619e+01,1.92983e+01,1.93618e+01,1.92131e+01,1.93519e+01,1.91918e+01,1.93464e+01,1.92273e+01,1.93417e+01,1.92885e+01,1.92098e+01,1.91009e+01,
6.47138e+01,1.92755e+01,1.93445e+01,1.91923e+01,1.93385e+01,1.91849e+01,1.93356e+01,1.92165e+01,1.93327e+01,1.92843e+01,1.92075e+01,1.90997e+01,
6.53966e+01,1.92451e+01,1.93220e+01,1.91650e+01,1.93213e+01,1.91761e+01,1.93219e+01,1.92027e+01,1.93214e+01,1.92791e+01,1.92045e+01,1.90981e+01,
6.61238e+01,1.92102e+01,1.92967e+01,1.91340e+01,1.93022e+01,1.91666e+01,1.93067e+01,1.91876e+01,1.93090e+01,1.92734e+01,1.92013e+01,1.90964e+01,
6.66419e+01,1.91834e+01,1.92777e+01,1.91104e+01,1.92881e+01,1.91597e+01,1.92956e+01,1.91764e+01,1.92999e+01,1.92692e+01,1.91989e+01,1.90952e+01,
6.71938e+01,1.91530e+01,1.92567e+01,1.90862e+01,1.92726e+01,1.91495e+01,1.92835e+01,1.91668e+01,1.92901e+01,1.92647e+01,1.91964e+01,1.90938e+01,
6.77038e+01,1.91229e+01,1.92365e+01,1.90715e+01,1.92578e+01,1.91373e+01,1.92720e+01,1.91601e+01,1.92808e+01,1.92605e+01,1.91940e+01,1.90926e+01,
6.81769e+01,1.90930e+01,1.92170e+01,1.90574e+01,1.92438e+01,1.91257e+01,1.92611e+01,1.91538e+01,1.92720e+01,1.92565e+01,1.91918e+01,1.90914e+01,
6.87737e+01,1.90521e+01,1.91915e+01,1.90389e+01,1.92255e+01,1.91105e+01,1.92471e+01,1.91458e+01,1.92607e+01,1.92514e+01,1.91889e+01,1.90899e+01,
6.92919e+01,1.90131e+01,1.91684e+01,1.90222e+01,1.92092e+01,1.90969e+01,1.92346e+01,1.91387e+01,1.92507e+01,1.92469e+01,1.91864e+01,1.90885e+01,
6.98438e+01,1.89673e+01,1.91429e+01,1.90037e+01,1.91913e+01,1.90819e+01,1.92210e+01,1.91310e+01,1.92398e+01,1.92420e+01,1.91836e+01,1.90870e+01,
7.05266e+01,1.89200e+01,1.91100e+01,1.89796e+01,1.91685e+01,1.90627e+01,1.92037e+01,1.91213e+01,1.92261e+01,1.92359e+01,1.91802e+01,1.90852e+01,
7.12537e+01,1.88853e+01,1.90733e+01,1.89532e+01,1.91433e+01,1.90426e+01,1.91848e+01,1.91101e+01,1.92111e+01,1.92292e+01,1.91764e+01,1.90832e+01,
7.17719e+01,1.88588e+01,1.90460e+01,1.89363e+01,1.91248e+01,1.90311e+01,1.91710e+01,1.91003e+01,1.92002e+01,1.92244e+01,1.91737e+01,1.90818e+01,
7.23238e+01,1.88287e+01,1.90160e+01,1.89174e+01,1.91046e+01,1.90185e+01,1.91559e+01,1.90897e+01,1.91883e+01,1.92191e+01,1.91707e+01,1.90802e+01,
7.30066e+01,1.87882e+01,1.89773e+01,1.88929e+01,1.90788e+01,1.90024e+01,1.91369e+01,1.90761e+01,1.91733e+01,1.92125e+01,1.91670e+01,1.90782e+01,
7.37338e+01,1.87495e+01,1.89343e+01,1.88652e+01,1.90504e+01,1.89846e+01,1.91160e+01,1.90611e+01,1.91570e+01,1.92054e+01,1.91630e+01,1.90761e+01,
7.43794e+01,1.87159e+01,1.88946e+01,1.88390e+01,1.90244e+01,1.89681e+01,1.90970e+01,1.90473e+01,1.91422e+01,1.91989e+01,1.91594e+01,1.90742e+01,
7.49738e+01,1.86825e+01,1.88566e+01,1.88142e+01,1.89998e+01,1.89523e+01,1.90791e+01,1.90343e+01,1.91282e+01,1.91929e+01,1.91560e+01,1.90724e+01,
7.56566e+01,1.86406e+01,1.88113e+01,1.87855e+01,1.89707e+01,1.89335e+01,1.90580e+01,1.90198e+01,1.91119e+01,1.91858e+01,1.91520e+01,1.90703e+01,
7.63448e+01,1.85945e+01,1.87639e+01,1.87546e+01,1.89405e+01,1.89179e+01,1.90362e+01,1.90057e+01,1.90951e+01,1.91786e+01,1.91480e+01,1.90681e+01,
7.70050e+01,1.85541e+01,1.87167e+01,1.87227e+01,1.89107e+01,1.89032e+01,1.90148e+01,1.89918e+01,1.90786e+01,1.91715e+01,1.91440e+01,1.90660e+01,
7.75478e+01,1.85178e+01,1.86766e+01,1.86946e+01,1.88855e+01,1.88908e+01,1.89969e+01,1.89800e+01,1.90648e+01,1.91656e+01,1.91407e+01,1.90642e+01,
7.81250e+01,1.84756e+01,1.86328e+01,1.86677e+01,1.88582e+01,1.88773e+01,1.89774e+01,1.89671e+01,1.90499e+01,1.91593e+01,1.91371e+01,1.90624e+01,
7.88050e+01,1.84200e+01,1.85794e+01,1.86379e+01,1.88252e+01,1.88607e+01,1.89540e+01,1.89514e+01,1.90320e+01,1.91517e+01,1.91329e+01,1.90601e+01,
7.94850e+01,1.83621e+01,1.85243e+01,1.86059e+01,1.87912e+01,1.88435e+01,1.89300e+01,1.89351e+01,1.90138e+01,1.91439e+01,1.91285e+01,1.90578e+01,
7.99950e+01,1.83259e+01,1.84817e+01,1.85803e+01,1.87652e+01,1.88305e+01,1.89117e+01,1.89249e+01,1.89998e+01,1.91381e+01,1.91253e+01,1.90561e+01,
8.04603e+01,1.82901e+01,1.84420e+01,1.85555e+01,1.87409e+01,1.88202e+01,1.88947e+01,1.89156e+01,1.89870e+01,1.91326e+01,1.91222e+01,1.90544e+01,
8.11150e+01,1.82341e+01,1.83847e+01,1.85181e+01,1.87061e+01,1.88053e+01,1.88703e+01,1.89022e+01,1.89685e+01,1.91249e+01,1.91179e+01,1.90522e+01,
8.17950e+01,1.81699e+01,1.83234e+01,1.84796e+01,1.86691e+01,1.87892e+01,1.88445e+01,1.88877e+01,1.89490e+01,1.91168e+01,1.91133e+01,1.90497e+01,
8.24914e+01,1.81170e+01,1.82588e+01,1.84382e+01,1.86302e+01,1.87721e+01,1.88175e+01,1.88725e+01,1.89287e+01,1.91083e+01,1.91086e+01,1.90472e+01,
8.32550e+01,1.80503e+01,1.81860e+01,1.83879e+01,1.85865e+01,1.87526e+01,1.87872e+01,1.88551e+01,1.89059e+01,1.90989e+01,1.91033e+01,1.90444e+01,
8.39350e+01,1.79809e+01,1.81195e+01,1.83375e+01,1.85465e+01,1.87344e+01,1.87596e+01,1.88390e+01,1.88853e+01,1.90903e+01,1.90986e+01,1.90419e+01,
8.46150e+01,1.79170e+01,1.80514e+01,1.82869e+01,1.85057e+01,1.87131e+01,1.87314e+01,1.88225e+01,1.88642e+01,1.90817e+01,1.90937e+01,1.90393e+01,
8.51578e+01,1.78825e+01,1.79961e+01,1.82599e+01,1.84724e+01,1.86948e+01,1.87086e+01,1.88088e+01,1.88472e+01,1.90747e+01,1.90898e+01,1.90373e+01,
8.57350e+01,1.78425e+01,1.79363e+01,1.82293e+01,1.84364e+01,1.86744e+01,1.86839e+01,1.87938e+01,1.88288e+01,1.90672e+01,1.90856e+01,1.90350e+01,
8.64150e+01,1.77901e+01,1.78649e+01,1.81902e+01,1.83931e+01,1.86490e+01,1.86542e+01,1.87755e+01,1.88067e+01,1.90582e+01,1.90806e+01,1.90324e+01,
8.70950e+01,1.77305e+01,1.77925e+01,1.81473e+01,1.83489e+01,1.86221e+01,1.86240e+01,1.87563e+01,1.87843e+01,1.90491e+01,1.90756e+01,1.90297e+01,
8.76050e+01,1.76930e+01,1.77378e+01,1.81120e+01,1.83152e+01,1.86007e+01,1.86010e+01,1.87413e+01,1.87673e+01,1.90422e+01,1.90717e+01,1.90276e+01,
8.80703e+01,1.76596e+01,1.76876e+01,1.80772e+01,1.82840e+01,1.85803e+01,1.85798e+01,1.87287e+01,1.87515e+01,1.90358e+01,1.90682e+01,1.90258e+01,
8.87250e+01,1.76078e+01,1.76168e+01,1.80380e+01,1.82394e+01,1.85570e+01,1.85494e+01,1.87150e+01,1.87290e+01,1.90267e+01,1.90631e+01,1.90231e+01,
8.94050e+01,1.75844e+01,1.75433e+01,1.79951e+01,1.81923e+01,1.85361e+01,1.85173e+01,1.87002e+01,1.87053e+01,1.90172e+01,1.90578e+01,1.90203e+01,
9.01014e+01,1.75905e+01,1.74686e+01,1.79462e+01,1.81431e+01,1.85136e+01,1.84838e+01,1.86845e+01,1.86807e+01,1.90073e+01,1.90523e+01,1.90174e+01,
9.08650e+01,1.75971e+01,1.73878e+01,1.78900e+01,1.80882e+01,1.84875e+01,1.84464e+01,1.86667e+01,1.86531e+01,1.89963e+01,1.90462e+01,1.90141e+01,
9.15450e+01,1.74886e+01,1.73175e+01,1.78439e+01,1.80385e+01,1.84629e+01,1.84125e+01,1.86501e+01,1.86282e+01,1.89864e+01,1.90407e+01,1.90112e+01,
9.22250e+01,1.73074e+01,1.72492e+01,1.77923e+01,1.79881e+01,1.84367e+01,1.83781e+01,1.86321e+01,1.86029e+01,1.89763e+01,1.90351e+01,1.90082e+01,
9.27350e+01,1.72182e+01,1.71998e+01,1.77491e+01,1.79498e+01,1.84142e+01,1.83519e+01,1.86145e+01,1.85837e+01,1.89687e+01,1.90308e+01,1.90060e+01,
9.32003e+01,1.71645e+01,1.71561e+01,1.77055e+01,1.79145e+01,1.83903e+01,1.83277e+01,1.85978e+01,1.85660e+01,1.89617e+01,1.90270e+01,1.90039e+01,
9.38550e+01,1.71350e+01,1.70974e+01,1.75791e+01,1.78644e+01,1.83543e+01,1.82933e+01,1.85732e+01,1.85407e+01,1.89517e+01,1.90214e+01,1.90010e+01,
9.45350e+01,1.71021e+01,1.70403e+01,1.75677e+01,1.78118e+01,1.83135e+01,1.82570e+01,1.85461e+01,1.85141e+01,1.89412e+01,1.90156e+01,1.89979e+01,
9.52314e+01,1.70656e+01,1.69863e+01,1.75564e+01,1.77574e+01,1.82672e+01,1.82192e+01,1.85164e+01,1.84865e+01,1.89304e+01,1.90096e+01,1.89947e+01,
9.59950e+01,1.70072e+01,1.69326e+01,1.75438e+01,1.76973e+01,1.82629e+01,1.81772e+01,1.84813e+01,1.84557e+01,1.89183e+01,1.90029e+01,1.89912e+01,
9.66750e+01,1.66980e+01,1.68899e+01,1.75322e+01,1.76434e+01,1.82607e+01,1.81393e+01,1.84533e+01,1.84279e+01,1.89074e+01,1.89969e+01,1.89880e+01,
9.73550e+01,1.70922e+01,1.68520e+01,1.75202e+01,1.75893e+01,1.82585e+01,1.81008e+01,1.84310e+01,1.83998e+01,1.88964e+01,1.89908e+01,1.89847e+01,
9.78978e+01,1.67826e+01,1.68250e+01,1.74972e+01,1.75460e+01,1.82543e+01,1.80697e+01,1.84123e+01,1.83770e+01,1.88875e+01,1.89859e+01,1.89821e+01,
9.84750e+01,1.69209e+01,1.67993e+01,1.74568e+01,1.75001e+01,1.82106e+01,1.80364e+01,1.83916e+01,1.83525e+01,1.88780e+01,1.89806e+01,1.89793e+01,
9.91550e+01,1.70222e+01,1.67729e+01,1.74038e+01,1.74461e+01,1.81527e+01,1.79966e+01,1.83662e+01,1.83233e+01,1.88667e+01,1.89743e+01,1.89760e+01,
9.98350e+01,1.70386e+01,1.67502e+01,1.73388e+01,1.73924e+01,1.80860e+01,1.79564e+01,1.83417e+01,1.82938e+01,1.88552e+01,1.89680e+01,1.89727e+01,
1.00345e+02,1.70468e+01,1.67353e+01,1.72462e+01,1.73524e+01,1.80282e+01,1.79260e+01,1.83224e+01,1.82714e+01,1.88465e+01,1.89632e+01,1.89701e+01,
1.00810e+02,1.70541e+01,1.67232e+01,1.71402e+01,1.73163e+01,1.79766e+01,1.78981e+01,1.83039e+01,1.82508e+01,1.88385e+01,1.89588e+01,1.89678e+01,
1.01465e+02,1.70642e+01,1.67081e+01,1.69262e+01,1.72661e+01,1.79206e+01,1.78584e+01,1.82766e+01,1.82215e+01,1.88272e+01,1.89525e+01,1.89645e+01,
1.02145e+02,1.70744e+01,1.66947e+01,1.72146e+01,1.72149e+01,1.78552e+01,1.78169e+01,1.82463e+01,1.81907e+01,1.88153e+01,1.89459e+01,1.89610e+01,
1.02841e+02,1.70847e+01,1.66828e+01,1.73111e+01,1.71638e+01,1.78151e+01,1.77740e+01,1.82128e+01,1.81588e+01,1.88030e+01,1.89391e+01,1.89574e+01,
1.03605e+02,1.70956e+01,1.66715e+01,1.73970e+01,1.71095e+01,1.77665e+01,1.77266e+01,1.81763e+01,1.81234e+01,1.87893e+01,1.89316e+01,1.89534e+01,
1.04285e+02,1.70832e+01,1.66627e+01,1.73611e+01,1.70629e+01,1.77181e+01,1.76841e+01,1.81488e+01,1.80915e+01,1.87770e+01,1.89248e+01,1.89498e+01,
1.04965e+02,1.68223e+01,1.66548e+01,1.73176e+01,1.70182e+01,1.76852e+01,1.76414e+01,1.81193e+01,1.80593e+01,1.87646e+01,1.89180e+01,1.89462e+01,
1.05475e+02,1.65491e+01,1.66493e+01,1.72818e+01,1.69861e+01,1.76954e+01,1.76093e+01,1.80959e+01,1.80349e+01,1.87551e+01,1.89128e+01,1.89434e+01,
1.05940e+02,1.65517e+01,1.66446e+01,1.72464e+01,1.69578e+01,1.77045e+01,1.75799e+01,1.80733e+01,1.80125e+01,1.87465e+01,1.89080e+01,1.89409e+01,
1.06595e+02,1.67205e+01,1.66384e+01,1.69249e+01,1.69200e+01,1.77169e+01,1.75385e+01,1.80386e+01,1.79807e+01,1.87342e+01,1.89013e+01,1.89374e+01,
1.07275e+02,1.68069e+01,1.66323e+01,1.67278e+01,1.68832e+01,1.76663e+01,1.74955e+01,1.79988e+01,1.79475e+01,1.87214e+01,1.88942e+01,1.89336e+01,
1.07971e+02,1.68726e+01,1.66264e+01,1.65222e+01,1.68482e+01,1.76070e+01,1.74515e+01,1.79538e+01,1.79130e+01,1.87080e+01,1.88869e+01,1.89297e+01,
1.08735e+02,1.69348e+01,1.66201e+01,1.60000e+01,1.68130e+01,1.75391e+01,1.74034e+01,1.78985e+01,1.78750e+01,1.86933e+01,1.88788e+01,1.89254e+01,
1.09415e+02,1.69614e+01,1.66147e+01,1.60000e+01,1.67845e+01,1.74905e+01,1.73608e+01,1.78495e+01,1.78408e+01,1.86800e+01,1.88715e+01,1.89216e+01,
1.10095e+02,1.68508e+01,1.66095e+01,1.60000e+01,1.67586e+01,1.74358e+01,1.73186e+01,1.78423e+01,1.78064e+01,1.86666e+01,1.88641e+01,1.89177e+01,
1.10605e+02,1.67442e+01,1.66056e+01,1.60000e+01,1.67408e+01,1.74055e+01,1.72871e+01,1.78368e+01,1.77804e+01,1.86565e+01,1.88585e+01,1.89147e+01,
1.11070e+02,1.67129e+01,1.66022e+01,1.60000e+01,1.67258e+01,1.74265e+01,1.72587e+01,1.78317e+01,1.77566e+01,1.86472e+01,1.88534e+01,1.89120e+01,
1.11725e+02,1.66742e+01,1.65974e+01,1.60000e+01,1.67066e+01,1.74545e+01,1.72191e+01,1.78244e+01,1.77229e+01,1.86340e+01,1.88462e+01,1.89082e+01,
1.12405e+02,1.66299e+01,1.65926e+01,1.60000e+01,1.66888e+01,1.74818e+01,1.71787e+01,1.78168e+01,1.76878e+01,1.86201e+01,1.88386e+01,1.89042e+01,
1.13101e+02,1.60000e+01,1.65879e+01,1.60000e+01,1.66728e+01,1.75080e+01,1.71381e+01,1.78088e+01,1.76516e+01,1.86058e+01,1.88307e+01,1.89000e+01,
1.13865e+02,1.60000e+01,1.65830e+01,1.60000e+01,1.66575e+01,1.73118e+01,1.70947e+01,1.77729e+01,1.76118e+01,1.85900e+01,1.88221e+01,1.88954e+01,
1.14545e+02,1.60000e+01,1.65788e+01,1.60000e+01,1.66456e+01,1.71641e+01,1.70571e+01,1.77304e+01,1.75762e+01,1.85757e+01,1.88143e+01,1.88913e+01,
1.15225e+02,1.60000e+01,1.65749e+01,1.60000e+01,1.66353e+01,1.69812e+01,1.70207e+01,1.76833e+01,1.75405e+01,1.85614e+01,1.88064e+01,1.88872e+01,
1.15768e+02,1.60000e+01,1.65721e+01,1.60000e+01,1.66281e+01,1.69874e+01,1.69926e+01,1.76416e+01,1.75120e+01,1.85498e+01,1.88001e+01,1.88838e+01,
1.16345e+02,1.60000e+01,1.65693e+01,1.60000e+01,1.66213e+01,1.72096e+01,1.69636e+01,1.75925e+01,1.74817e+01,1.85374e+01,1.87933e+01,1.88802e+01,
1.17025e+02,1.60000e+01,1.65663e+01,1.60000e+01,1.66144e+01,1.74205e+01,1.69307e+01,1.75475e+01,1.74460e+01,1.85227e+01,1.87852e+01,1.88760e+01,
1.17705e+02,1.60000e+01,1.65638e+01,1.60000e+01,1.66084e+01,1.75068e+01,1.68994e+01,1.74975e+01,1.74104e+01,1.85079e+01,1.87771e+01,1.88717e+01,
1.18215e+02,1.60000e+01,1.65622e+01,1.60000e+01,1.66045e+01,1.74203e+01,1.68769e+01,1.74559e+01,1.73837e+01,1.84967e+01,1.87710e+01,1.88684e+01,
1.18680e+02,1.60000e+01,1.65609e+01,1.60000e+01,1.66014e+01,1.73229e+01,1.68573e+01,1.74142e+01,1.73594e+01,1.84864e+01,1.87653e+01,1.88654e+01,
1.19335e+02,1.60000e+01,1.65596e+01,1.60000e+01,1.65975e+01,1.71377e+01,1.68309e+01,1.73490e+01,1.73254e+01,1.84718e+01,1.87574e+01,1.88612e+01,
1.20015e+02,1.60000e+01,1.65586e+01,1.60000e+01,1.65941e+01,1.68207e+01,1.68051e+01,1.72690e+01,1.72902e+01,1.84565e+01,1.87490e+01,1.88568e+01,
1.20711e+02,1.60000e+01,1.65582e+01,1.60000e+01,1.65912e+01,1.69349e+01,1.67805e+01,1.72261e+01,1.72545e+01,1.84407e+01,1.87404e+01,1.88523e+01,
1.21475e+02,1.60000e+01,1.65584e+01,1.60000e+01,1.65886e+01,1.68182e+01,1.67556e+01,1.71934e+01,1.72157e+01,1.84233e+01,1.87308e+01,1.88472e+01,
1.22155e+02,1.60000e+01,1.65591e+01,1.60000e+01,1.65867e+01,1.66789e+01,1.67351e+01,1.71621e+01,1.71816e+01,1.84076e+01,1.87223e+01,1.88427e+01,
1.22835e+02,1.60000e+01,1.65603e+01,1.60000e+01,1.65851e+01,1.66304e+01,1.67163e+01,1.71284e+01,1.71479e+01,1.83918e+01,1.87136e+01,1.88381e+01,
1.23345e+02,1.60000e+01,1.65615e+01,1.60000e+01,1.65841e+01,1.68983e+01,1.67032e+01,1.71494e+01,1.71229e+01,1.83799e+01,1.87071e+01,1.88347e+01,
1.23810e+02,1.60000e+01,1.65628e+01,1.60000e+01,1.65834e+01,1.70506e+01,1.66919e+01,1.71994e+01,1.71004e+01,1.83689e+01,1.87011e+01,1.88315e+01,
1.24465e+02,1.60000e+01,1.65650e+01,1.60000e+01,1.65824e+01,1.68305e+01,1.66772e+01,1.72612e+01,1.70691e+01,1.83534e+01,1.86927e+01,1.88270e+01,
1.25145e+02,1.60000e+01,1.65676e+01,1.60000e+01,1.65816e+01,1.67795e+01,1.66632e+01,1.71045e+01,1.70373e+01,1.83372e+01,1.86838e+01,1.88224e+01,
1.25841e+02,1.60000e+01,1.65705e+01,1.60000e+01,1.65810e+01,1.67202e+01,1.66502e+01,1.70459e+01,1.70054e+01,1.83205e+01,1.86747e+01,1.88175e+01,
1.26605e+02,1.60000e+01,1.65741e+01,1.60000e+01,1.65803e+01,1.66443e+01,1.66373e+01,1.72255e+01,1.69714e+01,1.83020e+01,1.86646e+01,1.88122e+01,
1.27285e+02,1.60000e+01,1.65775e+01,1.60000e+01,1.65798e+01,1.65633e+01,1.66268e+01,1.72777e+01,1.69419e+01,1.82854e+01,1.86555e+01,1.88074e+01,
1.27965e+02,1.60000e+01,1.65809e+01,1.60000e+01,1.65792e+01,1.73159e+01,1.66173e+01,1.71595e+01,1.69132e+01,1.82686e+01,1.86463e+01,1.88026e+01,
1.28508e+02,1.60000e+01,1.65837e+01,1.60000e+01,1.65788e+01,1.71573e+01,1.66102e+01,1.71452e+01,1.68910e+01,1.82552e+01,1.86390e+01,1.87987e+01,
1.29085e+02,1.60000e+01,1.65867e+01,1.60000e+01,1.65782e+01,1.67689e+01,1.66032e+01,1.71294e+01,1.68680e+01,1.82408e+01,1.86311e+01,1.87945e+01,
1.29765e+02,1.60000e+01,1.65900e+01,1.60000e+01,1.65775e+01,1.68681e+01,1.65956e+01,1.71101e+01,1.68417e+01,1.82237e+01,1.86218e+01,1.87896e+01,
1.30445e+02,1.60000e+01,1.65933e+01,1.60000e+01,1.65767e+01,1.66191e+01,1.65885e+01,1.70899e+01,1.68165e+01,1.82065e+01,1.86124e+01,1.87846e+01,
1.30955e+02,1.60000e+01,1.65956e+01,1.60000e+01,1.65760e+01,1.66394e+01,1.65835e+01,1.70740e+01,1.67982e+01,1.81936e+01,1.86053e+01,1.87809e+01,
1.31420e+02,1.60000e+01,1.65975e+01,1.60000e+01,1.65752e+01,1.66571e+01,1.65791e+01,1.70591e+01,1.67820e+01,1.81817e+01,1.85988e+01,1.87775e+01,
1.32075e+02,1.60000e+01,1.65999e+01,1.60000e+01,1.65740e+01,1.66809e+01,1.65733e+01,1.69343e+01,1.67600e+01,1.81648e+01,1.85896e+01,1.87726e+01,
1.32755e+02,1.60000e+01,1.66021e+01,1.60000e+01,1.65726e+01,1.67043e+01,1.65674e+01,1.67435e+01,1.67381e+01,1.81472e+01,1.85800e+01,1.87675e+01,
1.33451e+02,1.60000e+01,1.66038e+01,1.60000e+01,1.65708e+01,1.67270e+01,1.65617e+01,1.70279e+01,1.67167e+01,1.81291e+01,1.85701e+01,1.87623e+01,
1.34215e+02,1.60000e+01,1.66051e+01,1.60000e+01,1.65685e+01,1.67507e+01,1.65556e+01,1.68465e+01,1.66944e+01,1.81091e+01,1.85591e+01,1.87565e+01,
1.34895e+02,1.60000e+01,1.66056e+01,1.60000e+01,1.65662e+01,1.68852e+01,1.65503e+01,1.69399e+01,1.66756e+01,1.80911e+01,1.85493e+01,1.87513e+01,
1.35575e+02,1.60000e+01,1.66054e+01,1.60000e+01,1.65635e+01,1.66591e+01,1.65451e+01,1.70167e+01,1.66577e+01,1.80730e+01,1.85394e+01,1.87461e+01,
1.36085e+02,1.60000e+01,1.66048e+01,1.60000e+01,1.65612e+01,1.67658e+01,1.65411e+01,1.69979e+01,1.66449e+01,1.80594e+01,1.85319e+01,1.87421e+01,
1.36550e+02,1.60000e+01,1.66040e+01,1.60000e+01,1.65590e+01,1.68446e+01,1.65376e+01,1.69096e+01,1.66336e+01,1.80469e+01,1.85250e+01,1.87385e+01,
1.37205e+02,1.60000e+01,1.66021e+01,1.60000e+01,1.65556e+01,1.69356e+01,1.65325e+01,1.67440e+01,1.66183e+01,1.80292e+01,1.85154e+01,1.87334e+01,
1.37885e+02,1.60000e+01,1.65994e+01,1.60000e+01,1.65516e+01,1.70135e+01,1.65272e+01,1.60000e+01,1.66032e+01,1.80107e+01,1.85052e+01,1.87280e+01,
1.38581e+02,1.60000e+01,1.65958e+01,1.60000e+01,1.65472e+01,1.70810e+01,1.65216e+01,1.60000e+01,1.65885e+01,1.79917e+01,1.84948e+01,1.87225e+01,
1.39345e+02,1.60000e+01,1.65908e+01,1.60000e+01,1.65417e+01,1.71442e+01,1.65154e+01,1.60000e+01,1.65733e+01,1.79707e+01,1.84832e+01,1.87164e+01,
1.40025e+02,1.60000e+01,1.65854e+01,1.60000e+01,1.65364e+01,1.68766e+01,1.65097e+01,1.60000e+01,1.65603e+01,1.79519e+01,1.84729e+01,1.87110e+01,
1.40705e+02,1.60000e+01,1.65790e+01,1.60000e+01,1.65307e+01,1.65194e+01,1.65039e+01,1.60000e+01,1.65480e+01,1.79329e+01,1.84625e+01,1.87055e+01,
1.41248e+02,1.60000e+01,1.65733e+01,1.60000e+01,1.65258e+01,1.70230e+01,1.64991e+01,1.60000e+01,1.65385e+01,1.79177e+01,1.84541e+01,1.87010e+01,
1.41825e+02,1.60000e+01,1.65666e+01,1.60000e+01,1.65203e+01,1.60000e+01,1.64939e+01,1.60000e+01,1.65287e+01,1.79015e+01,1.84452e+01,1.86963e+01,
1.42505e+02,1.60000e+01,1.65578e+01,1.60000e+01,1.65133e+01,1.60000e+01,1.64875e+01,1.60000e+01,1.65176e+01,1.78823e+01,1.84346e+01,1.86907e+01,
1.43185e+02,1.60000e+01,1.65480e+01,1.60000e+01,1.65059e+01,1.60000e+01,1.64810e+01,1.60000e+01,1.65070e+01,1.78630e+01,1.84239e+01,1.86851e+01,
1.43695e+02,1.60000e+01,1.65401e+01,1.60000e+01,1.65000e+01,1.60000e+01,1.64760e+01,1.60000e+01,1.64992e+01,1.78484e+01,1.84159e+01,1.86809e+01,
1.44160e+02,1.60000e+01,1.65323e+01,1.60000e+01,1.64944e+01,1.60000e+01,1.64713e+01,1.60000e+01,1.64923e+01,1.78351e+01,1.84085e+01,1.86770e+01,
1.44815e+02,1.60000e+01,1.65208e+01,1.60000e+01,1.64862e+01,1.60000e+01,1.64645e+01,1.60000e+01,1.64827e+01,1.78163e+01,1.83981e+01,1.86715e+01,
1.45495e+02,1.60000e+01,1.65078e+01,1.60000e+01,1.64772e+01,1.60000e+01,1.64572e+01,1.60000e+01,1.64731e+01,1.77966e+01,1.83872e+01,1.86657e+01,
1.46191e+02,1.60000e+01,1.64936e+01,1.60000e+01,1.64675e+01,1.60000e+01,1.64496e+01,1.60000e+01,1.64635e+01,1.77764e+01,1.83760e+01,1.86598e+01,
1.46955e+02,1.60000e+01,1.64771e+01,1.60000e+01,1.64564e+01,1.60000e+01,1.64409e+01,1.60000e+01,1.64531e+01,1.77541e+01,1.83636e+01,1.86532e+01,
1.47635e+02,1.60000e+01,1.64614e+01,1.60000e+01,1.64460e+01,1.60000e+01,1.64330e+01,1.60000e+01,1.64441e+01,1.77341e+01,1.83525e+01,1.86474e+01,
1.48315e+02,1.60000e+01,1.64450e+01,1.60000e+01,1.64352e+01,1.60000e+01,1.64248e+01,1.60000e+01,1.64352e+01,1.77141e+01,1.83414e+01,1.86415e+01,
1.48825e+02,1.60000e+01,1.64322e+01,1.60000e+01,1.64268e+01,1.60000e+01,1.64185e+01,1.60000e+01,1.64286e+01,1.76990e+01,1.83329e+01,1.86370e+01,
1.49290e+02,1.60000e+01,1.64202e+01,1.60000e+01,1.64190e+01,1.60000e+01,1.64127e+01,1.60000e+01,1.64226e+01,1.76851e+01,1.83252e+01,1.86330e+01,
1.49945e+02,1.60000e+01,1.64029e+01,1.60000e+01,1.64077e+01,1.60000e+01,1.64043e+01,1.60000e+01,1.64142e+01,1.76656e+01,1.83143e+01,1.86272e+01,
1.50625e+02,1.60000e+01,1.63843e+01,1.60000e+01,1.63957e+01,1.60000e+01,1.63955e+01,1.60000e+01,1.64056e+01,1.76453e+01,1.83029e+01,1.86212e+01,
1.51321e+02,1.60000e+01,1.63648e+01,1.60000e+01,1.63830e+01,1.60000e+01,1.63862e+01,1.60000e+01,1.63968e+01,1.76244e+01,1.82912e+01,1.86150e+01,
1.52085e+02,1.60000e+01,1.63429e+01,1.60000e+01,1.63687e+01,1.60000e+01,1.63758e+01,1.60000e+01,1.63873e+01,1.76013e+01,1.82782e+01,1.86081e+01,
1.52607e+02,1.60000e+01,1.63277e+01,1.60000e+01,1.63588e+01,1.60000e+01,1.63686e+01,1.60000e+01,1.63807e+01,1.75855e+01,1.82693e+01,1.86034e+01,
1.53194e+02,1.60000e+01,1.63106e+01,1.60000e+01,1.63474e+01,1.60000e+01,1.63603e+01,1.60000e+01,1.63734e+01,1.75677e+01,1.82593e+01,1.85981e+01,
1.53874e+02,1.60000e+01,1.62906e+01,1.60000e+01,1.63341e+01,1.60000e+01,1.63507e+01,1.60000e+01,1.63649e+01,1.75470e+01,1.82476e+01,1.85919e+01,
1.54554e+02,1.60000e+01,1.62707e+01,1.60000e+01,1.63206e+01,1.60000e+01,1.63409e+01,1.60000e+01,1.63564e+01,1.75262e+01,1.82358e+01,1.85857e+01,
1.55254e+02,1.60000e+01,1.62503e+01,1.60000e+01,1.63066e+01,1.60000e+01,1.63306e+01,1.60000e+01,1.63477e+01,1.75047e+01,1.82236e+01,1.85793e+01,
1.55979e+02,1.60000e+01,1.62295e+01,1.60000e+01,1.62920e+01,1.60000e+01,1.63199e+01,1.60000e+01,1.63386e+01,1.74824e+01,1.82109e+01,1.85725e+01,
1.56624e+02,1.60000e+01,1.62114e+01,1.60000e+01,1.62790e+01,1.60000e+01,1.63103e+01,1.60000e+01,1.63306e+01,1.74625e+01,1.81996e+01,1.85665e+01,
1.57304e+02,1.60000e+01,1.61928e+01,1.60000e+01,1.62653e+01,1.60000e+01,1.63001e+01,1.60000e+01,1.63221e+01,1.74415e+01,1.81875e+01,1.85602e+01,
1.57984e+02,1.60000e+01,1.61749e+01,1.60000e+01,1.62516e+01,1.60000e+01,1.62898e+01,1.60000e+01,1.63136e+01,1.74204e+01,1.81754e+01,1.85538e+01,
1.58664e+02,1.60000e+01,1.61577e+01,1.60000e+01,1.62380e+01,1.60000e+01,1.62795e+01,1.60000e+01,1.63051e+01,1.73992e+01,1.81632e+01,1.85473e+01,
1.59344e+02,1.60000e+01,1.61414e+01,1.60000e+01,1.62246e+01,1.60000e+01,1.62692e+01,1.60000e+01,1.62966e+01,1.73781e+01,1.81510e+01,1.85408e+01,
1.60024e+02,1.60000e+01,1.61260e+01,1.60000e+01,1.62114e+01,1.60000e+01,1.62589e+01,1.60000e+01,1.62881e+01,1.73568e+01,1.81387e+01,1.85343e+01,
1.60574e+02,1.60000e+01,1.61142e+01,1.60000e+01,1.62008e+01,1.60000e+01,1.62506e+01,1.60000e+01,1.62812e+01,1.73396e+01,1.81287e+01,1.85290e+01,
1.61109e+02,1.60000e+01,1.61034e+01,1.60000e+01,1.61908e+01,1.60000e+01,1.62426e+01,1.60000e+01,1.62746e+01,1.73229e+01,1.81189e+01,1.85239e+01,
1.61754e+02,1.60000e+01,1.60913e+01,1.60000e+01,1.61789e+01,1.60000e+01,1.62329e+01,1.60000e+01,1.62665e+01,1.73027e+01,1.81071e+01,1.85176e+01,
1.62434e+02,1.60000e+01,1.60796e+01,1.60000e+01,1.61666e+01,1.60000e+01,1.62228e+01,1.60000e+01,1.62581e+01,1.72813e+01,1.80946e+01,1.85110e+01,
1.63114e+02,1.60000e+01,1.60689e+01,1.60000e+01,1.61548e+01,1.60000e+01,1.62128e+01,1.60000e+01,1.62497e+01,1.72600e+01,1.80820e+01,1.85043e+01,
1.63794e+02,1.60000e+01,1.60593e+01,1.60000e+01,1.61434e+01,1.60000e+01,1.62029e+01,1.60000e+01,1.62414e+01,1.72386e+01,1.80693e+01,1.84976e+01,
1.64474e+02,1.60000e+01,1.60508e+01,1.60000e+01,1.61324e+01,1.60000e+01,1.61931e+01,1.60000e+01,1.62331e+01,1.72172e+01,1.80566e+01,1.84908e+01,
1.64984e+02,1.60000e+01,1.60450e+01,1.60000e+01,1.61244e+01,1.60000e+01,1.61859e+01,1.60000e+01,1.62270e+01,1.72011e+01,1.80470e+01,1.84858e+01,
1.65492e+02,1.60000e+01,1.60397e+01,1.60000e+01,1.61168e+01,1.60000e+01,1.61788e+01,1.60000e+01,1.62208e+01,1.71852e+01,1.80374e+01,1.84807e+01,
1.66069e+02,1.60000e+01,1.60344e+01,1.60000e+01,1.61084e+01,1.60000e+01,1.61709e+01,1.60000e+01,1.62140e+01,1.71670e+01,1.80265e+01,1.84749e+01,
1.66714e+02,1.60000e+01,1.60291e+01,1.60000e+01,1.60996e+01,1.60000e+01,1.61622e+01,1.60000e+01,1.62063e+01,1.71467e+01,1.80142e+01,1.84684e+01,
1.67394e+02,1.60000e+01,1.60243e+01,1.60000e+01,1.60907e+01,1.60000e+01,1.61532e+01,1.60000e+01,1.61984e+01,1.71253e+01,1.80012e+01,1.84615e+01,
1.68074e+02,1.60000e+01,1.60202e+01,1.60000e+01,1.60824e+01,1.60000e+01,1.61445e+01,1.60000e+01,1.61905e+01,1.71040e+01,1.79882e+01,1.84545e+01,
1.68754e+02,1.60000e+01,1.60167e+01,1.60000e+01,1.60746e+01,1.60000e+01,1.61361e+01,1.60000e+01,1.61828e+01,1.70826e+01,1.79751e+01,1.84476e+01,
1.69434e+02,1.60000e+01,1.60137e+01,1.60000e+01,1.60673e+01,1.60000e+01,1.61278e+01,1.60000e+01,1.61752e+01,1.70613e+01,1.79619e+01,1.84406e+01,
1.70114e+02,1.60000e+01,1.60112e+01,1.60000e+01,1.60605e+01,1.60000e+01,1.61199e+01,1.60000e+01,1.61677e+01,1.70400e+01,1.79486e+01,1.84335e+01,
1.70664e+02,1.60000e+01,1.60095e+01,1.60000e+01,1.60554e+01,1.60000e+01,1.61137e+01,1.60000e+01,1.61617e+01,1.70229e+01,1.79379e+01,1.84278e+01,
1.71199e+02,1.60000e+01,1.60080e+01,1.60000e+01,1.60508e+01,1.60000e+01,1.61078e+01,1.60000e+01,1.61560e+01,1.70062e+01,1.79274e+01,1.84222e+01,
1.71844e+02,1.60000e+01,1.60066e+01,1.60000e+01,1.60456e+01,1.60000e+01,1.61010e+01,1.60000e+01,1.61492e+01,1.69861e+01,1.79147e+01,1.84155e+01,
1.72524e+02,1.60000e+01,1.60053e+01,1.60000e+01,1.60406e+01,1.60000e+01,1.60941e+01,1.60000e+01,1.61423e+01,1.69651e+01,1.79012e+01,1.84083e+01,
1.73204e+02,1.60000e+01,1.60043e+01,1.60000e+01,1.60360e+01,1.60000e+01,1.60875e+01,1.60000e+01,1.61355e+01,1.69440e+01,1.78877e+01,1.84011e+01,
1.73884e+02,1.60000e+01,1.60034e+01,1.60000e+01,1.60318e+01,1.60000e+01,1.60812e+01,1.60000e+01,1.61288e+01,1.69231e+01,1.78741e+01,1.83939e+01,
1.74564e+02,1.60000e+01,1.60027e+01,1.60000e+01,1.60281e+01,1.60000e+01,1.60752e+01,1.60000e+01,1.61224e+01,1.69023e+01,1.78604e+01,1.83866e+01,
1.75244e+02,1.60000e+01,1.60021e+01,1.60000e+01,1.60247e+01,1.60000e+01,1.60696e+01,1.60000e+01,1.61161e+01,1.68815e+01,1.78467e+01,1.83793e+01,
1.75794e+02,1.60000e+01,1.60018e+01,1.60000e+01,1.60222e+01,1.60000e+01,1.60652e+01,1.60000e+01,1.61111e+01,1.68648e+01,1.78356e+01,1.83734e+01,
1.76329e+02,1.60000e+01,1.60015e+01,1.60000e+01,1.60200e+01,1.60000e+01,1.60611e+01,1.60000e+01,1.61064e+01,1.68486e+01,1.78247e+01,1.83676e+01,
1.76974e+02,1.60000e+01,1.60012e+01,1.60000e+01,1.60175e+01,1.60000e+01,1.60565e+01,1.60000e+01,1.61009e+01,1.68292e+01,1.78116e+01,1.83606e+01,
1.77654e+02,1.60000e+01,1.60009e+01,1.60000e+01,1.60153e+01,1.60000e+01,1.60519e+01,1.60000e+01,1.60953e+01,1.68089e+01,1.77977e+01,1.83531e+01,
1.78334e+02,1.60000e+01,1.60007e+01,1.60000e+01,1.60132e+01,1.60000e+01,1.60475e+01,1.60000e+01,1.60899e+01,1.67887e+01,1.77837e+01,1.83457e+01,
1.79014e+02,1.60000e+01,1.60006e+01,1.60000e+01,1.60115e+01,1.60000e+01,1.60435e+01,1.60000e+01,1.60847e+01,1.67686e+01,1.77697e+01,1.83382e+01,
1.79694e+02,1.60000e+01,1.60004e+01,1.60000e+01,1.60099e+01,1.60000e+01,1.60397e+01,1.60000e+01,1.60797e+01,1.67487e+01,1.77556e+01,1.83306e+01,
1.80374e+02,1.60000e+01,1.60003e+01,1.60000e+01,1.60085e+01,1.60000e+01,1.60362e+01,1.60000e+01,1.60749e+01,1.67290e+01,1.77414e+01,1.83231e+01,
1.80924e+02,1.60000e+01,1.60003e+01,1.60000e+01,1.60075e+01,1.60000e+01,1.60335e+01,1.60000e+01,1.60712e+01,1.67131e+01,1.77299e+01,1.83169e+01,
1.81459e+02,1.60000e+01,1.60002e+01,1.60000e+01,1.60067e+01,1.60000e+01,1.60311e+01,1.60000e+01,1.60677e+01,1.66978e+01,1.77187e+01,1.83109e+01,
1.82104e+02,1.60000e+01,1.60002e+01,1.60000e+01,1.60057e+01,1.60000e+01,1.60284e+01,1.60000e+01,1.60636e+01,1.66795e+01,1.77052e+01,1.83036e+01,
1.82784e+02,1.60000e+01,1.60001e+01,1.60000e+01,1.60049e+01,1.60000e+01,1.60257e+01,1.60000e+01,1.60595e+01,1.66604e+01,1.76908e+01,1.82959e+01,
1.83464e+02,1.60000e+01,1.60001e+01,1.60000e+01,1.60042e+01,1.60000e+01,1.60232e+01,1.60000e+01,1.60556e+01,1.66416e+01,1.76764e+01,1.82882e+01,
1.84144e+02,1.60000e+01,1.60001e+01,1.60000e+01,1.60035e+01,1.60000e+01,1.60210e+01,1.60000e+01,1.60519e+01,1.66229e+01,1.76620e+01,1.82805e+01,
1.84824e+02,1.60000e+01,1.60001e+01,1.60000e+01,1.60030e+01,1.60000e+01,1.60189e+01,1.60000e+01,1.60483e+01,1.66044e+01,1.76475e+01,1.82727e+01,
1.85504e+02,1.60000e+01,1.60000e+01,1.60000e+01,1.60025e+01,1.60000e+01,1.60170e+01,1.60000e+01,1.60450e+01,1.65862e+01,1.76329e+01,1.82648e+01,
1.86054e+02,1.60000e+01,1.60000e+01,1.60000e+01,1.60022e+01,1.60000e+01,1.60156e+01,1.60000e+01,1.60424e+01,1.65717e+01,1.76211e+01,1.82585e+01,
1.86589e+02,1.60000e+01,1.60000e+01,1.60000e+01,1.60019e+01,1.60000e+01,1.60143e+01,1.60000e+01,1.60400e+01,1.65577e+01,1.76096e+01,1.82522e+01,
1.87234e+02,1.60000e+01,1.60000e+01,1.60000e+01,1.60016e+01,1.60000e+01,1.60129e+01,1.60000e+01,1.60373e+01,1.65411e+01,1.75956e+01,1.82447e+01,
1.87914e+02,1.60000e+01,1.60000e+01,1.60000e+01,1.60014e+01,1.60000e+01,1.60115e+01,1.60000e+01,1.60345e+01,1.65238e+01,1.75809e+01,1.82368e+01,
1.88594e+02,1.60000e+01,1.60000e+01,1.60000e+01,1.60011e+01,1.60000e+01,1.60102e+01,1.60000e+01,1.60320e+01,1.65067e+01,1.75661e+01,1.82288e+01,
1.89274e+02,1.60000e+01,1.60000e+01,1.60000e+01,1.60009e+01,1.60000e+01,1.60091e+01,1.60000e+01,1.60295e+01,1.64900e+01,1.75513e+01,1.82207e+01,
1.89954e+02,1.60000e+01,1.60000e+01,1.60000e+01,1.60008e+01,1.60000e+01,1.60081e+01,1.60000e+01,1.60273e+01,1.64736e+01,1.75364e+01,1.82127e+01,
1.90634e+02,1.60000e+01,1.60000e+01,1.60000e+01,1.60007e+01,1.60000e+01,1.60072e+01,1.60000e+01,1.60252e+01,1.64574e+01,1.75214e+01,1.82046e+01,
1.91184e+02,1.60000e+01,1.60000e+01,1.60000e+01,1.60006e+01,1.60000e+01,1.60065e+01,1.60000e+01,1.60235e+01,1.64446e+01,1.75093e+01,1.81980e+01,
1.91719e+02,1.60000e+01,1.60000e+01,1.60000e+01,1.60005e+01,1.60000e+01,1.60059e+01,1.60000e+01,1.60221e+01,1.64323e+01,1.74975e+01,1.81916e+01,
1.92364e+02,1.60000e+01,1.60000e+01,1.60000e+01,1.60004e+01,1.60000e+01,1.60053e+01,1.60000e+01,1.60204e+01,1.64177e+01,1.74832e+01,1.81838e+01,
1.93044e+02,1.60000e+01,1.60000e+01,1.60000e+01,1.60003e+01,1.60000e+01,1.60047e+01,1.60000e+01,1.60187e+01,1.64027e+01,1.74681e+01,1.81756e+01,
1.93724e+02,1.60000e+01,1.60000e+01,1.60000e+01,1.60003e+01,1.60000e+01,1.60041e+01,1.60000e+01,1.60171e+01,1.63880e+01,1.74530e+01,1.81674e+01,
1.94404e+02,1.60000e+01,1.60000e+01,1.60000e+01,1.60002e+01,1.60000e+01,1.60036e+01,1.60000e+01,1.60157e+01,1.63736e+01,1.74378e+01,1.81591e+01,
1.95084e+02,1.60000e+01,1.60000e+01,1.60000e+01,1.60002e+01,1.60000e+01,1.60032e+01,1.60000e+01,1.60144e+01,1.63596e+01,1.74226e+01,1.81507e+01,
1.95594e+02,1.60000e+01,1.60000e+01,1.60000e+01,1.60002e+01,1.60000e+01,1.60029e+01,1.60000e+01,1.60134e+01,1.63493e+01,1.74111e+01,1.81445e+01,
1.96102e+02,1.60000e+01,1.60000e+01,1.60000e+01,1.60001e+01,1.60000e+01,1.60026e+01,1.60000e+01,1.60126e+01,1.63392e+01,1.73997e+01,1.81382e+01,
1.96679e+02,1.60000e+01,1.60000e+01,1.60000e+01,1.60001e+01,1.60000e+01,1.60023e+01,1.60000e+01,1.60116e+01,1.63280e+01,1.73867e+01,1.81311e+01,
1.97324e+02,1.60000e+01,1.60000e+01,1.60000e+01,1.60001e+01,1.60000e+01,1.60021e+01,1.60000e+01,1.60106e+01,1.63158e+01,1.73721e+01,1.81231e+01,
1.98004e+02,1.60000e+01,1.60000e+01,1.60000e+01,1.60001e+01,1.60000e+01,1.60018e+01,1.60000e+01,1.60097e+01,1.63032e+01,1.73568e+01,1.81146e+01,
1.98684e+02,1.60000e+01,1.60000e+01,1.60000e+01,1.60001e+01,1.60000e+01,1.60016e+01,1.60000e+01,1.60088e+01,1.62910e+01,1.73413e+01,1.81061e+01,
1.99364e+02,1.60000e+01,1.60000e+01,1.60000e+01,1.60001e+01,1.60000e+01,1.60014e+01,1.60000e+01,1.60080e+01,1.62792e+01,1.73259e+01,1.80976e+01,
2.00044e+02,1.60000e+01,1.60000e+01,1.60000e+01,1.60000e+01,1.60000e+01,1.60012e+01,1.60000e+01,1.60073e+01,1.62677e+01,1.73104e+01,1.80890e+01,
2.00724e+02,1.60000e+01,1.60000e+01,1.60000e+01,1.60000e+01,1.60000e+01,1.60010e+01,1.60000e+01,1.60066e+01,1.62565e+01,1.72949e+01,1.80804e+01,
2.01274e+02,1.60000e+01,1.60000e+01,1.60000e+01,1.60000e+01,1.60000e+01,1.60009e+01,1.60000e+01,1.60061e+01,1.62477e+01,1.72823e+01,1.80734e+01,
2.01809e+02,1.60000e+01,1.60000e+01,1.60000e+01,1.60000e+01,1.60000e+01,1.60008e+01,1.60000e+01,1.60056e+01,1.62394e+01,1.72700e+01,1.80666e+01,
2.02454e+02,1.60000e+01,1.60000e+01,1.60000e+01,1.60000e+01,1.60000e+01,1.60007e+01,1.60000e+01,1.60051e+01,1.62296e+01,1.72552e+01,1.80583e+01,
2.03134e+02,1.60000e+01,1.60000e+01,1.60000e+01,1.60000e+01,1.60000e+01,1.60006e+01,1.60000e+01,1.60046e+01,1.62197e+01,1.72396e+01,1.80496e+01,
2.03814e+02,1.60000e+01,1.60000e+01,1.60000e+01,1.60000e+01,1.60000e+01,1.60005e+01,1.60000e+01,1.60042e+01,1.62101e+01,1.72240e+01,1.80408e+01,
2.04494e+02,1.60000e+01,1.60000e+01,1.60000e+01,1.60000e+01,1.60000e+01,1.60005e+01,1.60000e+01,1.60037e+01,1.62008e+01,1.72083e+01,1.80320e+01,
2.05174e+02,1.60000e+01,1.60000e+01,1.60000e+01,1.60000e+01,1.60000e+01,1.60004e+01,1.60000e+01,1.60034e+01,1.61918e+01,1.71926e+01,1.80232e+01,
2.05854e+02,1.60000e+01,1.60000e+01,1.60000e+01,1.60000e+01,1.60000e+01,1.60003e+01,1.60000e+01,1.60030e+01,1.61832e+01,1.71769e+01,1.80144e+01,
2.06404e+02,1.60000e+01,1.60000e+01,1.60000e+01,1.60000e+01,1.60000e+01,1.60003e+01,1.60000e+01,1.60028e+01,1.61764e+01,1.71642e+01,1.80072e+01,
2.06939e+02,1.60000e+01,1.60000e+01,1.60000e+01,1.60000e+01,1.60000e+01,1.60003e+01,1.60000e+01,1.60026e+01,1.61701e+01,1.71518e+01,1.80001e+01,
2.07584e+02,1.60000e+01,1.60000e+01,1.60000e+01,1.60000e+01,1.60000e+01,1.60002e+01,1.60000e+01,1.60023e+01,1.61626e+01,1.71369e+01,1.79917e+01,
2.08264e+02,1.60000e+01,1.60000e+01,1.60000e+01,1.60000e+01,1.60000e+01,1.60002e+01,1.60000e+01,1.60021e+01,1.61551e+01,1.71211e+01,1.79827e+01,
2.08944e+02,1.60000e+01,1.60000e+01,1.60000e+01,1.60000e+01,1.60000e+01,1.60002e+01,1.60000e+01,1.60018e+01,1.61478e+01,1.71053e+01,1.79737e+01,
2.09624e+02,1.60000e+01,1.60000e+01,1.60000e+01,1.60000e+01,1.60000e+01,1.60001e+01,1.60000e+01,1.60016e+01,1.61409e+01,1.70896e+01,1.79646e+01,
2.10304e+02,1.60000e+01,1.60000e+01,1.60000e+01,1.60000e+01,1.60000e+01,1.60001e+01,1.60000e+01,1.60015e+01,1.61342e+01,1.70738e+01,1.79555e+01,
2.10984e+02,1.60000e+01,1.60000e+01,1.60000e+01,1.60000e+01,1.60000e+01,1.60001e+01,1.60000e+01,1.60013e+01,1.61278e+01,1.70580e+01,1.79464e+01,
2.11534e+02,1.60000e+01,1.60000e+01,1.60000e+01,1.60000e+01,1.60000e+01,1.60001e+01,1.60000e+01,1.60012e+01,1.61228e+01,1.70452e+01,1.79390e+01,
2.12069e+02,1.60000e+01,1.60000e+01,1.60000e+01,1.60000e+01,1.60000e+01,1.60001e+01,1.60000e+01,1.60011e+01,1.61181e+01,1.70328e+01,1.79318e+01,
2.12714e+02,1.60000e+01,1.60000e+01,1.60000e+01,1.60000e+01,1.60000e+01,1.60001e+01,1.60000e+01,1.60010e+01,1.61126e+01,1.70179e+01,1.79231e+01,
2.13394e+02,1.60000e+01,1.60000e+01,1.60000e+01,1.60000e+01,1.60000e+01,1.60001e+01,1.60000e+01,1.60009e+01,1.61071e+01,1.70021e+01,1.79138e+01,
2.14074e+02,1.60000e+01,1.60000e+01,1.60000e+01,1.60000e+01,1.60000e+01,1.60000e+01,1.60000e+01,1.60008e+01,1.61018e+01,1.69863e+01,1.79046e+01,
2.14754e+02,1.60000e+01,1.60000e+01,1.60000e+01,1.60000e+01,1.60000e+01,1.60000e+01,1.60000e+01,1.60007e+01,1.60968e+01,1.69706e+01,1.78953e+01,
2.15434e+02,1.60000e+01,1.60000e+01,1.60000e+01,1.60000e+01,1.60000e+01,1.60000e+01,1.60000e+01,1.60006e+01,1.60920e+01,1.69549e+01,1.78860e+01,
2.16114e+02,1.60000e+01,1.60000e+01,1.60000e+01,1.60000e+01,1.60000e+01,1.60000e+01,1.60000e+01,1.60005e+01,1.60874e+01,1.69392e+01,1.78766e+01,
2.16664e+02,1.60000e+01,1.60000e+01,1.60000e+01,1.60000e+01,1.60000e+01,1.60000e+01,1.60000e+01,1.60005e+01,1.60838e+01,1.69265e+01,1.78690e+01,
2.17199e+02,1.60000e+01,1.60000e+01,1.60000e+01,1.60000e+01,1.60000e+01,1.60000e+01,1.60000e+01,1.60004e+01,1.60805e+01,1.69141e+01,1.78616e+01,
2.17844e+02,1.60000e+01,1.60000e+01,1.60000e+01,1.60000e+01,1.60000e+01,1.60000e+01,1.60000e+01,1.60004e+01,1.60766e+01,1.68993e+01,1.78526e+01,
2.18524e+02,1.60000e+01,1.60000e+01,1.60000e+01,1.60000e+01,1.60000e+01,1.60000e+01,1.60000e+01,1.60003e+01,1.60727e+01,1.68837e+01,1.78432e+01,
2.19204e+02,1.60000e+01,1.60000e+01,1.60000e+01,1.60000e+01,1.60000e+01,1.60000e+01,1.60000e+01,1.60003e+01,1.60690e+01,1.68681e+01,1.78336e+01,
2.19884e+02,1.60000e+01,1.60000e+01,1.60000e+01,1.60000e+01,1.60000e+01,1.60000e+01,1.60000e+01,1.60003e+01,1.60654e+01,1.68525e+01,1.78241e+01,
2.20564e+02,1.60000e+01,1.60000e+01,1.60000e+01,1.60000e+01,1.60000e+01,1.60000e+01,1.60000e+01,1.60002e+01,1.60620e+01,1.68370e+01,1.78145e+01,
2.21244e+02,1.60000e+01,1.60000e+01,1.60000e+01,1.60000e+01,1.60000e+01,1.60000e+01,1.60000e+01,1.60002e+01,1.60588e+01,1.68216e+01,1.78049e+01,
2.21794e+02,1.60000e+01,1.60000e+01,1.60000e+01,1.60000e+01,1.60000e+01,1.60000e+01,1.60000e+01,1.60002e+01,1.60563e+01,1.68091e+01,1.77971e+01,
2.22329e+02,1.60000e+01,1.60000e+01,1.60000e+01,1.60000e+01,1.60000e+01,1.60000e+01,1.60000e+01,1.60002e+01,1.60540e+01,1.67970e+01,1.77895e+01,
2.22974e+02,1.60000e+01,1.60000e+01,1.60000e+01,1.60000e+01,1.60000e+01,1.60000e+01,1.60000e+01,1.60001e+01,1.60513e+01,1.67825e+01,1.77804e+01,
2.23654e+02,1.60000e+01,1.60000e+01,1.60000e+01,1.60000e+01,1.60000e+01,1.60000e+01,1.60000e+01,1.60001e+01,1.60486e+01,1.67672e+01,1.77707e+01,
2.24334e+02,1.60000e+01,1.60000e+01,1.60000e+01,1.60000e+01,1.60000e+01,1.60000e+01,1.60000e+01,1.60001e+01,1.60461e+01,1.67520e+01,1.77609e+01,
2.25014e+02,1.60000e+01,1.60000e+01,1.60000e+01,1.60000e+01,1.60000e+01,1.60000e+01,1.60000e+01,1.60001e+01,1.60436e+01,1.67369e+01,1.77511e+01,
2.25694e+02,1.60000e+01,1.60000e+01,1.60000e+01,1.60000e+01,1.60000e+01,1.60000e+01,1.60000e+01,1.60001e+01,1.60413e+01,1.67218e+01,1.77413e+01,
2.26204e+02,1.60000e+01,1.60000e+01,1.60000e+01,1.60000e+01,1.60000e+01,1.60000e+01,1.60000e+01,1.60001e+01,1.60396e+01,1.67106e+01,1.77340e+01,
2.26712e+02,1.60000e+01,1.60000e+01,1.60000e+01,1.60000e+01,1.60000e+01,1.60000e+01,1.60000e+01,1.60001e+01,1.60380e+01,1.66994e+01,1.77266e+01,
2.27289e+02,1.60000e+01,1.60000e+01,1.60000e+01,1.60000e+01,1.60000e+01,1.60000e+01,1.60000e+01,1.60001e+01,1.60363e+01,1.66868e+01,1.77182e+01,
2.27934e+02,1.60000e+01,1.60000e+01,1.60000e+01,1.60000e+01,1.60000e+01,1.60000e+01,1.60000e+01,1.60001e+01,1.60345e+01,1.66728e+01,1.77088e+01,
2.28614e+02,1.60000e+01,1.60000e+01,1.60000e+01,1.60000e+01,1.60000e+01,1.60000e+01,1.60000e+01,1.60000e+01,1.60326e+01,1.66581e+01,1.76989e+01,
2.29294e+02,1.60000e+01,1.60000e+01,1.60000e+01,1.60000e+01,1.60000e+01,1.60000e+01,1.60000e+01,1.60000e+01,1.60308e+01,1.66435e+01,1.76889e+01,
2.29974e+02,1.60000e+01,1.60000e+01,1.60000e+01,1.60000e+01,1.60000e+01,1.60000e+01,1.60000e+01,1.60000e+01,1.60292e+01,1.66290e+01,1.76789e+01,
2.30654e+02,1.60000e+01,1.60000e+01,1.60000e+01,1.60000e+01,1.60000e+01,1.60000e+01,1.60000e+01,1.60000e+01,1.60276e+01,1.66146e+01,1.76689e+01,
2.31334e+02,1.60000e+01,1.60000e+01,1.60000e+01,1.60000e+01,1.60000e+01,1.60000e+01,1.60000e+01,1.60000e+01,1.60261e+01,1.66003e+01,1.76588e+01,
2.31884e+02,1.60000e+01,1.60000e+01,1.60000e+01,1.60000e+01,1.60000e+01,1.60000e+01,1.60000e+01,1.60000e+01,1.60249e+01,1.65888e+01,1.76507e+01,
2.32419e+02,1.60000e+01,1.60000e+01,1.60000e+01,1.60000e+01,1.60000e+01,1.60000e+01,1.60000e+01,1.60000e+01,1.60238e+01,1.65777e+01,1.76427e+01,
2.33064e+02,1.60000e+01,1.60000e+01,1.60000e+01,1.60000e+01,1.60000e+01,1.60000e+01,1.60000e+01,1.60000e+01,1.60226e+01,1.65645e+01,1.76331e+01,
2.33744e+02,1.60000e+01,1.60000e+01,1.60000e+01,1.60000e+01,1.60000e+01,1.60000e+01,1.60000e+01,1.60000e+01,1.60213e+01,1.65506e+01,1.76230e+01,
2.34424e+02,1.60000e+01,1.60000e+01,1.60000e+01,1.60000e+01,1.60000e+01,1.60000e+01,1.60000e+01,1.60000e+01,1.60202e+01,1.65369e+01,1.76128e+01,
2.35104e+02,1.60000e+01,1.60000e+01,1.60000e+01,1.60000e+01,1.60000e+01,1.60000e+01,1.60000e+01,1.60000e+01,1.60190e+01,1.65233e+01,1.76026e+01,
2.35784e+02,1.60000e+01,1.60000e+01,1.60000e+01,1.60000e+01,1.60000e+01,1.60000e+01,1.60000e+01,1.60000e+01,1.60180e+01,1.65099e+01,1.75923e+01,
2.36464e+02,1.60000e+01,1.60000e+01,1.60000e+01,1.60000e+01,1.60000e+01,1.60000e+01,1.60000e+01,1.60000e+01,1.60170e+01,1.64966e+01,1.75821e+01,
2.37014e+02,1.60000e+01,1.60000e+01,1.60000e+01,1.60000e+01,1.60000e+01,1.60000e+01,1.60000e+01,1.60000e+01,1.60162e+01,1.64860e+01,1.75737e+01,
2.37549e+02,1.60000e+01,1.60000e+01,1.60000e+01,1.60000e+01,1.60000e+01,1.60000e+01,1.60000e+01,1.60000e+01,1.60155e+01,1.64757e+01,1.75656e+01,
2.38194e+02,1.60000e+01,1.60000e+01,1.60000e+01,1.60000e+01,1.60000e+01,1.60000e+01,1.60000e+01,1.60000e+01,1.60147e+01,1.64635e+01,1.75558e+01,
2.38874e+02,1.60000e+01,1.60000e+01,1.60000e+01,1.60000e+01,1.60000e+01,1.60000e+01,1.60000e+01,1.60000e+01,1.60138e+01,1.64508e+01,1.75454e+01,
2.39554e+02,1.60000e+01,1.60000e+01,1.60000e+01,1.60000e+01,1.60000e+01,1.60000e+01,1.60000e+01,1.60000e+01,1.60130e+01,1.64383e+01,1.75351e+01,
2.40234e+02,1.60000e+01,1.60000e+01,1.60000e+01,1.60000e+01,1.60000e+01,1.60000e+01,1.60000e+01,1.60000e+01,1.60123e+01,1.64259e+01,1.75246e+01,
2.40914e+02,1.60000e+01,1.60000e+01,1.60000e+01,1.60000e+01,1.60000e+01,1.60000e+01,1.60000e+01,1.60000e+01,1.60116e+01,1.64137e+01,1.75142e+01,
2.41594e+02,1.60000e+01,1.60000e+01,1.60000e+01,1.60000e+01,1.60000e+01,1.60000e+01,1.60000e+01,1.60000e+01,1.60109e+01,1.64017e+01,1.75037e+01,
2.42144e+02,1.60000e+01,1.60000e+01,1.60000e+01,1.60000e+01,1.60000e+01,1.60000e+01,1.60000e+01,1.60000e+01,1.60104e+01,1.63921e+01,1.74952e+01,
2.42679e+02,1.60000e+01,1.60000e+01,1.60000e+01,1.60000e+01,1.60000e+01,1.60000e+01,1.60000e+01,1.60000e+01,1.60100e+01,1.63829e+01,1.74870e+01,
2.43324e+02,1.60000e+01,1.60000e+01,1.60000e+01,1.60000e+01,1.60000e+01,1.60000e+01,1.60000e+01,1.60000e+01,1.60094e+01,1.63719e+01,1.74770e+01,
2.44004e+02,1.60000e+01,1.60000e+01,1.60000e+01,1.60000e+01,1.60000e+01,1.60000e+01,1.60000e+01,1.60000e+01,1.60089e+01,1.63606e+01,1.74664e+01,
2.44684e+02,1.60000e+01,1.60000e+01,1.60000e+01,1.60000e+01,1.60000e+01,1.60000e+01,1.60000e+01,1.60000e+01,1.60084e+01,1.63494e+01,1.74558e+01,
2.45364e+02,1.60000e+01,1.60000e+01,1.60000e+01,1.60000e+01,1.60000e+01,1.60000e+01,1.60000e+01,1.60000e+01,1.60079e+01,1.63385e+01,1.74452e+01,
2.46044e+02,1.60000e+01,1.60000e+01,1.60000e+01,1.60000e+01,1.60000e+01,1.60000e+01,1.60000e+01,1.60000e+01,1.60074e+01,1.63277e+01,1.74346e+01,
2.46724e+02,1.60000e+01,1.60000e+01,1.60000e+01,1.60000e+01,1.60000e+01,1.60000e+01,1.60000e+01,1.60000e+01,1.60070e+01,1.63172e+01,1.74239e+01,
2.47274e+02,1.60000e+01,1.60000e+01,1.60000e+01,1.60000e+01,1.60000e+01,1.60000e+01,1.60000e+01,1.60000e+01,1.60067e+01,1.63088e+01,1.74153e+01,
2.47809e+02,1.60000e+01,1.60000e+01,1.60000e+01,1.60000e+01,1.60000e+01,1.60000e+01,1.60000e+01,1.60000e+01,1.60064e+01,1.63008e+01,1.74069e+01,
2.48454e+02,1.60000e+01,1.60000e+01,1.60000e+01,1.60000e+01,1.60000e+01,1.60000e+01,1.60000e+01,1.60000e+01,1.60060e+01,1.62913e+01,1.73967e+01,
2.49134e+02,1.60000e+01,1.60000e+01,1.60000e+01,1.60000e+01,1.60000e+01,1.60000e+01,1.60000e+01,1.60000e+01,1.60057e+01,1.62815e+01,1.73860e+01,
2.49814e+02,1.60000e+01,1.60000e+01,1.60000e+01,1.60000e+01,1.60000e+01,1.60000e+01,1.60000e+01,1.60000e+01,1.60053e+01,1.62720e+01,1.73752e+01,
2.50494e+02,1.60000e+01,1.60000e+01,1.60000e+01,1.60000e+01,1.60000e+01,1.60000e+01,1.60000e+01,1.60000e+01,1.60050e+01,1.62626e+01,1.73645e+01,
2.51174e+02,1.60000e+01,1.60000e+01,1.60000e+01,1.60000e+01,1.60000e+01,1.60000e+01,1.60000e+01,1.60000e+01,1.60047e+01,1.62535e+01,1.73537e+01,
2.51854e+02,1.60000e+01,1.60000e+01,1.60000e+01,1.60000e+01,1.60000e+01,1.60000e+01,1.60000e+01,1.60000e+01,1.60044e+01,1.62445e+01,1.73429e+01,
2.52404e+02,1.60000e+01,1.60000e+01,1.60000e+01,1.60000e+01,1.60000e+01,1.60000e+01,1.60000e+01,1.60000e+01,1.60042e+01,1.62375e+01,1.73341e+01,
2.52939e+02,1.60000e+01,1.60000e+01,1.60000e+01,1.60000e+01,1.60000e+01,1.60000e+01,1.60000e+01,1.60000e+01,1.60040e+01,1.62307e+01,1.73255e+01,
2.53584e+02,1.60000e+01,1.60000e+01,1.60000e+01,1.60000e+01,1.60000e+01,1.60000e+01,1.60000e+01,1.60000e+01,1.60038e+01,1.62228e+01,1.73152e+01,
2.54264e+02,1.60000e+01,1.60000e+01,1.60000e+01,1.60000e+01,1.60000e+01,1.60000e+01,1.60000e+01,1.60000e+01,1.60036e+01,1.62146e+01,1.73044e+01,
2.54944e+02,1.60000e+01,1.60000e+01,1.60000e+01,1.60000e+01,1.60000e+01,1.60000e+01,1.60000e+01,1.60000e+01,1.60033e+01,1.62067e+01,1.72935e+01,
2.55624e+02,1.60000e+01,1.60000e+01,1.60000e+01,1.60000e+01,1.60000e+01,1.60000e+01,1.60000e+01,1.60000e+01,1.60031e+01,1.61990e+01,1.72825e+01,
2.56304e+02,1.60000e+01,1.60000e+01,1.60000e+01,1.60000e+01,1.60000e+01,1.60000e+01,1.60000e+01,1.60000e+01,1.60030e+01,1.61915e+01,1.72716e+01,
2.56814e+02,1.60000e+01,1.60000e+01,1.60000e+01,1.60000e+01,1.60000e+01,1.60000e+01,1.60000e+01,1.60000e+01,1.60028e+01,1.61860e+01,1.72634e+01,
2.57322e+02,1.60000e+01,1.60000e+01,1.60000e+01,1.60000e+01,1.60000e+01,1.60000e+01,1.60000e+01,1.60000e+01,1.60027e+01,1.61806e+01,1.72552e+01,
2.57899e+02,1.60000e+01,1.60000e+01,1.60000e+01,1.60000e+01,1.60000e+01,1.60000e+01,1.60000e+01,1.60000e+01,1.60026e+01,1.61747e+01,1.72459e+01,
2.58544e+02,1.60000e+01,1.60000e+01,1.60000e+01,1.60000e+01,1.60000e+01,1.60000e+01,1.60000e+01,1.60000e+01,1.60024e+01,1.61682e+01,1.72354e+01,
2.59224e+02,1.60000e+01,1.60000e+01,1.60000e+01,1.60000e+01,1.60000e+01,1.60000e+01,1.60000e+01,1.60000e+01,1.60023e+01,1.61616e+01,1.72244e+01,
2.59904e+02,1.60000e+01,1.60000e+01,1.60000e+01,1.60000e+01,1.60000e+01,1.60000e+01,1.60000e+01,1.60000e+01,1.60021e+01,1.61552e+01,1.72134e+01,
2.60584e+02,1.60000e+01,1.60000e+01,1.60000e+01,1.60000e+01,1.60000e+01,1.60000e+01,1.60000e+01,1.60000e+01,1.60020e+01,1.61490e+01,1.72024e+01,
2.61264e+02,1.60000e+01,1.60000e+01,1.60000e+01,1.60000e+01,1.60000e+01,1.60000e+01,1.60000e+01,1.60000e+01,1.60019e+01,1.61430e+01,1.71913e+01,
2.61944e+02,1.60000e+01,1.60000e+01,1.60000e+01,1.60000e+01,1.60000e+01,1.60000e+01,1.60000e+01,1.60000e+01,1.60018e+01,1.61371e+01,1.71803e+01,
2.62494e+02,1.60000e+01,1.60000e+01,1.60000e+01,1.60000e+01,1.60000e+01,1.60000e+01,1.60000e+01,1.60000e+01,1.60017e+01,1.61326e+01,1.71713e+01,
2.63029e+02,1.60000e+01,1.60000e+01,1.60000e+01,1.60000e+01,1.60000e+01,1.60000e+01,1.60000e+01,1.60000e+01,1.60016e+01,1.61283e+01,1.71626e+01,
2.63674e+02,1.60000e+01,1.60000e+01,1.60000e+01,1.60000e+01,1.60000e+01,1.60000e+01,1.60000e+01,1.60000e+01,1.60015e+01,1.61232e+01,1.71521e+01,
2.64354e+02,1.60000e+01,1.60000e+01,1.60000e+01,1.60000e+01,1.60000e+01,1.60000e+01,1.60000e+01,1.60000e+01,1.60014e+01,1.61181e+01,1.71410e+01,
2.65034e+02,1.60000e+01,1.60000e+01,1.60000e+01,1.60000e+01,1.60000e+01,1.60000e+01,1.60000e+01,1.60000e+01,1.60013e+01,1.61131e+01,1.71299e+01,
2.65714e+02,1.60000e+01,1.60000e+01,1.60000e+01,1.60000e+01,1.60000e+01,1.60000e+01,1.60000e+01,1.60000e+01,1.60012e+01,1.61083e+01,1.71188e+01,
2.66394e+02,1.60000e+01,1.60000e+01,1.60000e+01,1.60000e+01,1.60000e+01,1.60000e+01,1.60000e+01,1.60000e+01,1.60012e+01,1.61037e+01,1.71076e+01,
2.67074e+02,1.60000e+01,1.60000e+01,1.60000e+01,1.60000e+01,1.60000e+01,1.60000e+01,1.60000e+01,1.60000e+01,1.60011e+01,1.60992e+01,1.70965e+01,
2.67624e+02,1.60000e+01,1.60000e+01,1.60000e+01,1.60000e+01,1.60000e+01,1.60000e+01,1.60000e+01,1.60000e+01,1.60010e+01,1.60957e+01,1.70875e+01,
2.68159e+02,1.60000e+01,1.60000e+01,1.60000e+01,1.60000e+01,1.60000e+01,1.60000e+01,1.60000e+01,1.60000e+01,1.60010e+01,1.60924e+01,1.70787e+01,
2.68804e+02,1.60000e+01,1.60000e+01,1.60000e+01,1.60000e+01,1.60000e+01,1.60000e+01,1.60000e+01,1.60000e+01,1.60009e+01,1.60886e+01,1.70682e+01,
2.69484e+02,1.60000e+01,1.60000e+01,1.60000e+01,1.60000e+01,1.60000e+01,1.60000e+01,1.60000e+01,1.60000e+01,1.60009e+01,1.60847e+01,1.70570e+01,
2.70164e+02,1.60000e+01,1.60000e+01,1.60000e+01,1.60000e+01,1.60000e+01,1.60000e+01,1.60000e+01,1.60000e+01,1.60008e+01,1.60810e+01,1.70459e+01,
2.70844e+02,1.60000e+01,1.60000e+01,1.60000e+01,1.60000e+01,1.60000e+01,1.60000e+01,1.60000e+01,1.60000e+01,1.60008e+01,1.60773e+01,1.70347e+01,
2.71524e+02,1.60000e+01,1.60000e+01,1.60000e+01,1.60000e+01,1.60000e+01,1.60000e+01,1.60000e+01,1.60000e+01,1.60007e+01,1.60739e+01,1.70236e+01,
2.72204e+02,1.60000e+01,1.60000e+01,1.60000e+01,1.60000e+01,1.60000e+01,1.60000e+01,1.60000e+01,1.60000e+01,1.60007e+01,1.60706e+01,1.70124e+01,
2.72754e+02,1.60000e+01,1.60000e+01,1.60000e+01,1.60000e+01,1.60000e+01,1.60000e+01,1.60000e+01,1.60000e+01,1.60006e+01,1.60680e+01,1.70034e+01,
2.73289e+02,1.60000e+01,1.60000e+01,1.60000e+01,1.60000e+01,1.60000e+01,1.60000e+01,1.60000e+01,1.60000e+01,1.60006e+01,1.60655e+01,1.69946e+01,
2.73934e+02,1.60000e+01,1.60000e+01,1.60000e+01,1.60000e+01,1.60000e+01,1.60000e+01,1.60000e+01,1.60000e+01,1.60006e+01,1.60627e+01,1.69841e+01,
2.74614e+02,1.60000e+01,1.60000e+01,1.60000e+01,1.60000e+01,1.60000e+01,1.60000e+01,1.60000e+01,1.60000e+01,1.60005e+01,1.60598e+01,1.69729e+01,
2.75294e+02,1.60000e+01,1.60000e+01,1.60000e+01,1.60000e+01,1.60000e+01,1.60000e+01,1.60000e+01,1.60000e+01,1.60005e+01,1.60571e+01,1.69618e+01,
2.75974e+02,1.60000e+01,1.60000e+01,1.60000e+01,1.60000e+01,1.60000e+01,1.60000e+01,1.60000e+01,1.60000e+01,1.60005e+01,1.60544e+01,1.69507e+01,
2.76654e+02,1.60000e+01,1.60000e+01,1.60000e+01,1.60000e+01,1.60000e+01,1.60000e+01,1.60000e+01,1.60000e+01,1.60004e+01,1.60519e+01,1.69395e+01,
2.77334e+02,1.60000e+01,1.60000e+01,1.60000e+01,1.60000e+01,1.60000e+01,1.60000e+01,1.60000e+01,1.60000e+01,1.60004e+01,1.60495e+01,1.69284e+01,
2.77884e+02,1.60000e+01,1.60000e+01,1.60000e+01,1.60000e+01,1.60000e+01,1.60000e+01,1.60000e+01,1.60000e+01,1.60004e+01,1.60476e+01,1.69194e+01,
2.78419e+02,1.60000e+01,1.60000e+01,1.60000e+01,1.60000e+01,1.60000e+01,1.60000e+01,1.60000e+01,1.60000e+01,1.60004e+01,1.60458e+01,1.69107e+01,
2.79064e+02,1.60000e+01,1.60000e+01,1.60000e+01,1.60000e+01,1.60000e+01,1.60000e+01,1.60000e+01,1.60000e+01,1.60003e+01,1.60438e+01,1.69002e+01,
2.79744e+02,1.60000e+01,1.60000e+01,1.60000e+01,1.60000e+01,1.60000e+01,1.60000e+01,1.60000e+01,1.60000e+01,1.60003e+01,1.60417e+01,1.68891e+01,
2.80424e+02,1.60000e+01,1.60000e+01,1.60000e+01,1.60000e+01,1.60000e+01,1.60000e+01,1.60000e+01,1.60000e+01,1.60003e+01,1.60397e+01,1.68781e+01,
2.81104e+02,1.60000e+01,1.60000e+01,1.60000e+01,1.60000e+01,1.60000e+01,1.60000e+01,1.60000e+01,1.60000e+01,1.60003e+01,1.60378e+01,1.68670e+01,
2.81784e+02,1.60000e+01,1.60000e+01,1.60000e+01,1.60000e+01,1.60000e+01,1.60000e+01,1.60000e+01,1.60000e+01,1.60003e+01,1.60360e+01,1.68560e+01,
2.82294e+02,1.60000e+01,1.60000e+01,1.60000e+01,1.60000e+01,1.60000e+01,1.60000e+01,1.60000e+01,1.60000e+01,1.60002e+01,1.60347e+01,1.68477e+01,
2.82802e+02,1.60000e+01,1.60000e+01,1.60000e+01,1.60000e+01,1.60000e+01,1.60000e+01,1.60000e+01,1.60000e+01,1.60002e+01,1.60335e+01,1.68395e+01,
2.83379e+02,1.60000e+01,1.60000e+01,1.60000e+01,1.60000e+01,1.60000e+01,1.60000e+01,1.60000e+01,1.60000e+01,1.60002e+01,1.60321e+01,1.68302e+01,
2.84024e+02,1.60000e+01,1.60000e+01,1.60000e+01,1.60000e+01,1.60000e+01,1.60000e+01,1.60000e+01,1.60000e+01,1.60002e+01,1.60306e+01,1.68198e+01,
2.84704e+02,1.60000e+01,1.60000e+01,1.60000e+01,1.60000e+01,1.60000e+01,1.60000e+01,1.60000e+01,1.60000e+01,1.60002e+01,1.60291e+01,1.68089e+01,
2.85384e+02,1.60000e+01,1.60000e+01,1.60000e+01,1.60000e+01,1.60000e+01,1.60000e+01,1.60000e+01,1.60000e+01,1.60002e+01,1.60277e+01,1.67980e+01,
2.86064e+02,1.60000e+01,1.60000e+01,1.60000e+01,1.60000e+01,1.60000e+01,1.60000e+01,1.60000e+01,1.60000e+01,1.60002e+01,1.60264e+01,1.67871e+01,
2.86744e+02,1.60000e+01,1.60000e+01,1.60000e+01,1.60000e+01,1.60000e+01,1.60000e+01,1.60000e+01,1.60000e+01,1.60002e+01,1.60251e+01,1.67762e+01,
2.87424e+02,1.60000e+01,1.60000e+01,1.60000e+01,1.60000e+01,1.60000e+01,1.60000e+01,1.60000e+01,1.60000e+01,1.60001e+01,1.60239e+01,1.67654e+01,
2.87974e+02,1.60000e+01,1.60000e+01,1.60000e+01,1.60000e+01,1.60000e+01,1.60000e+01,1.60000e+01,1.60000e+01,1.60001e+01,1.60229e+01,1.67566e+01,
2.88509e+02,1.60000e+01,1.60000e+01,1.60000e+01,1.60000e+01,1.60000e+01,1.60000e+01,1.60000e+01,1.60000e+01,1.60001e+01,1.60220e+01,1.67482e+01,
2.89154e+02,1.60000e+01,1.60000e+01,1.60000e+01,1.60000e+01,1.60000e+01,1.60000e+01,1.60000e+01,1.60000e+01,1.60001e+01,1.60210e+01,1.67380e+01,
2.89834e+02,1.60000e+01,1.60000e+01,1.60000e+01,1.60000e+01,1.60000e+01,1.60000e+01,1.60000e+01,1.60000e+01,1.60001e+01,1.60199e+01,1.67273e+01,
2.90514e+02,1.60000e+01,1.60000e+01,1.60000e+01,1.60000e+01,1.60000e+01,1.60000e+01,1.60000e+01,1.60000e+01,1.60001e+01,1.60189e+01,1.67166e+01,
2.91194e+02,1.60000e+01,1.60000e+01,1.60000e+01,1.60000e+01,1.60000e+01,1.60000e+01,1.60000e+01,1.60000e+01,1.60001e+01,1.60180e+01,1.67060e+01,
2.91874e+02,1.60000e+01,1.60000e+01,1.60000e+01,1.60000e+01,1.60000e+01,1.60000e+01,1.60000e+01,1.60000e+01,1.60001e+01,1.60171e+01,1.66954e+01,
2.92554e+02,1.60000e+01,1.60000e+01,1.60000e+01,1.60000e+01,1.60000e+01,1.60000e+01,1.60000e+01,1.60000e+01,1.60001e+01,1.60162e+01,1.66848e+01,
2.93104e+02,1.60000e+01,1.60000e+01,1.60000e+01,1.60000e+01,1.60000e+01,1.60000e+01,1.60000e+01,1.60000e+01,1.60001e+01,1.60156e+01,1.66763e+01,
2.93639e+02,1.60000e+01,1.60000e+01,1.60000e+01,1.60000e+01,1.60000e+01,1.60000e+01,1.60000e+01,1.60000e+01,1.60001e+01,1.60150e+01,1.66681e+01,
2.94284e+02,1.60000e+01,1.60000e+01,1.60000e+01,1.60000e+01,1.60000e+01,1.60000e+01,1.60000e+01,1.60000e+01,1.60001e+01,1.60143e+01,1.66582e+01,
2.94964e+02,1.60000e+01,1.60000e+01,1.60000e+01,1.60000e+01,1.60000e+01,1.60000e+01,1.60000e+01,1.60000e+01,1.60001e+01,1.60135e+01,1.66478e+01,
2.95644e+02,1.60000e+01,1.60000e+01,1.60000e+01,1.60000e+01,1.60000e+01,1.60000e+01,1.60000e+01,1.60000e+01,1.60001e+01,1.60129e+01,1.66375e+01,
2.96324e+02,1.60000e+01,1.60000e+01,1.60000e+01,1.60000e+01,1.60000e+01,1.60000e+01,1.60000e+01,1.60000e+01,1.60001e+01,1.60122e+01,1.66272e+01,
2.97004e+02,1.60000e+01,1.60000e+01,1.60000e+01,1.60000e+01,1.60000e+01,1.60000e+01,1.60000e+01,1.60000e+01,1.60001e+01,1.60116e+01,1.66170e+01,
2.97684e+02,1.60000e+01,1.60000e+01,1.60000e+01,1.60000e+01,1.60000e+01,1.60000e+01,1.60000e+01,1.60000e+01,1.60001e+01,1.60110e+01,1.66068e+01,
2.98234e+02,1.60000e+01,1.60000e+01,1.60000e+01,1.60000e+01,1.60000e+01,1.60000e+01,1.60000e+01,1.60000e+01,1.60000e+01,1.60105e+01,1.65986e+01,
2.98769e+02,1.60000e+01,1.60000e+01,1.60000e+01,1.60000e+01,1.60000e+01,1.60000e+01,1.60000e+01,1.60000e+01,1.60000e+01,1.60101e+01,1.65907e+01,
2.99414e+02,1.60000e+01,1.60000e+01,1.60000e+01,1.60000e+01,1.60000e+01,1.60000e+01,1.60000e+01,1.60000e+01,1.60000e+01,1.60096e+01,1.65812e+01,
3.00094e+02,1.60000e+01,1.60000e+01,1.60000e+01,1.60000e+01,1.60000e+01,1.60000e+01,1.60000e+01,1.60000e+01,1.60000e+01,1.60091e+01,1.65713e+01,
3.00774e+02,1.60000e+01,1.60000e+01,1.60000e+01,1.60000e+01,1.60000e+01,1.60000e+01,1.60000e+01,1.60000e+01,1.60000e+01,1.60087e+01,1.65614e+01,
3.01454e+02,1.60000e+01,1.60000e+01,1.60000e+01,1.60000e+01,1.60000e+01,1.60000e+01,1.60000e+01,1.60000e+01,1.60000e+01,1.60082e+01,1.65516e+01,
3.02134e+02,1.60000e+01,1.60000e+01,1.60000e+01,1.60000e+01,1.60000e+01,1.60000e+01,1.60000e+01,1.60000e+01,1.60000e+01,1.60078e+01,1.65419e+01,
3.02814e+02,1.60000e+01,1.60000e+01,1.60000e+01,1.60000e+01,1.60000e+01,1.60000e+01,1.60000e+01,1.60000e+01,1.60000e+01,1.60074e+01,1.65322e+01,
3.03364e+02,1.60000e+01,1.60000e+01,1.60000e+01,1.60000e+01,1.60000e+01,1.60000e+01,1.60000e+01,1.60000e+01,1.60000e+01,1.60071e+01,1.65245e+01,
3.03899e+02,1.60000e+01,1.60000e+01,1.60000e+01,1.60000e+01,1.60000e+01,1.60000e+01,1.60000e+01,1.60000e+01,1.60000e+01,1.60068e+01,1.65170e+01,
3.04544e+02,1.60000e+01,1.60000e+01,1.60000e+01,1.60000e+01,1.60000e+01,1.60000e+01,1.60000e+01,1.60000e+01,1.60000e+01,1.60065e+01,1.65080e+01,
3.05211e+02,1.60000e+01,1.60000e+01,1.60000e+01,1.60000e+01,1.60000e+01,1.60000e+01,1.60000e+01,1.60000e+01,1.60000e+01,1.60061e+01,1.64988e+01,
3.05729e+02,1.60000e+01,1.60000e+01,1.60000e+01,1.60000e+01,1.60000e+01,1.60000e+01,1.60000e+01,1.60000e+01,1.60000e+01,1.60059e+01,1.64918e+01,
3.06339e+02,1.60000e+01,1.60000e+01,1.60000e+01,1.60000e+01,1.60000e+01,1.60000e+01,1.60000e+01,1.60000e+01,1.60000e+01,1.60056e+01,1.64835e+01,
3.06995e+02,1.60000e+01,1.60000e+01,1.60000e+01,1.60000e+01,1.60000e+01,1.60000e+01,1.60000e+01,1.60000e+01,1.60000e+01,1.60053e+01,1.64747e+01,
3.07510e+02,1.60000e+01,1.60000e+01,1.60000e+01,1.60000e+01,1.60000e+01,1.60000e+01,1.60000e+01,1.60000e+01,1.60000e+01,1.60051e+01,1.64678e+01,
3.08190e+02,1.60000e+01,1.60000e+01,1.60000e+01,1.60000e+01,1.60000e+01,1.60000e+01,1.60000e+01,1.60000e+01,1.60000e+01,1.60049e+01,1.64588e+01,
3.08870e+02,1.60000e+01,1.60000e+01,1.60000e+01,1.60000e+01,1.60000e+01,1.60000e+01,1.60000e+01,1.60000e+01,1.60000e+01,1.60046e+01,1.64499e+01,
3.09550e+02,1.60000e+01,1.60000e+01,1.60000e+01,1.60000e+01,1.60000e+01,1.60000e+01,1.60000e+01,1.60000e+01,1.60000e+01,1.60044e+01,1.64411e+01,
3.10230e+02,1.60000e+01,1.60000e+01,1.60000e+01,1.60000e+01,1.60000e+01,1.60000e+01,1.60000e+01,1.60000e+01,1.60000e+01,1.60041e+01,1.64324e+01,
3.10859e+02,1.60000e+01,1.60000e+01,1.60000e+01,1.60000e+01,1.60000e+01,1.60000e+01,1.60000e+01,1.60000e+01,1.60000e+01,1.60039e+01,1.64245e+01,
3.11469e+02,1.60000e+01,1.60000e+01,1.60000e+01,1.60000e+01,1.60000e+01,1.60000e+01,1.60000e+01,1.60000e+01,1.60000e+01,1.60037e+01,1.64168e+01,
3.12125e+02,1.60000e+01,1.60000e+01,1.60000e+01,1.60000e+01,1.60000e+01,1.60000e+01,1.60000e+01,1.60000e+01,1.60000e+01,1.60036e+01,1.64087e+01,
3.12640e+02,1.60000e+01,1.60000e+01,1.60000e+01,1.60000e+01,1.60000e+01,1.60000e+01,1.60000e+01,1.60000e+01,1.60000e+01,1.60034e+01,1.64024e+01,
3.13320e+02,1.60000e+01,1.60000e+01,1.60000e+01,1.60000e+01,1.60000e+01,1.60000e+01,1.60000e+01,1.60000e+01,1.60000e+01,1.60032e+01,1.63942e+01,
3.14000e+02,1.60000e+01,1.60000e+01,1.60000e+01,1.60000e+01,1.60000e+01,1.60000e+01,1.60000e+01,1.60000e+01,1.60000e+01,1.60031e+01,1.63861e+01,
3.14680e+02,1.60000e+01,1.60000e+01,1.60000e+01,1.60000e+01,1.60000e+01,1.60000e+01,1.60000e+01,1.60000e+01,1.60000e+01,1.60029e+01,1.63781e+01,
3.15360e+02,1.60000e+01,1.60000e+01,1.60000e+01,1.60000e+01,1.60000e+01,1.60000e+01,1.60000e+01,1.60000e+01,1.60000e+01,1.60028e+01,1.63702e+01,
3.15989e+02,1.60000e+01,1.60000e+01,1.60000e+01,1.60000e+01,1.60000e+01,1.60000e+01,1.60000e+01,1.60000e+01,1.60000e+01,1.60026e+01,1.63631e+01,
3.16398e+02,1.60000e+01,1.60000e+01,1.60000e+01,1.60000e+01,1.60000e+01,1.60000e+01,1.60000e+01,1.60000e+01,1.60000e+01,1.60025e+01,1.63585e+01,
3.16801e+02,1.60000e+01,1.60000e+01,1.60000e+01,1.60000e+01,1.60000e+01,1.60000e+01,1.60000e+01,1.60000e+01,1.60000e+01,1.60025e+01,1.63539e+01,
3.17255e+02,1.60000e+01,1.60000e+01,1.60000e+01,1.60000e+01,1.60000e+01,1.60000e+01,1.60000e+01,1.60000e+01,1.60000e+01,1.60024e+01,1.63489e+01,
3.17770e+02,1.60000e+01,1.60000e+01,1.60000e+01,1.60000e+01,1.60000e+01,1.60000e+01,1.60000e+01,1.60000e+01,1.60000e+01,1.60023e+01,1.63433e+01,
3.18450e+02,1.60000e+01,1.60000e+01,1.60000e+01,1.60000e+01,1.60000e+01,1.60000e+01,1.60000e+01,1.60000e+01,1.60000e+01,1.60022e+01,1.63360e+01,
3.19130e+02,1.60000e+01,1.60000e+01,1.60000e+01,1.60000e+01,1.60000e+01,1.60000e+01,1.60000e+01,1.60000e+01,1.60000e+01,1.60020e+01,1.63288e+01,
3.19810e+02,1.60000e+01,1.60000e+01,1.60000e+01,1.60000e+01,1.60000e+01,1.60000e+01,1.60000e+01,1.60000e+01,1.60000e+01,1.60019e+01,1.63217e+01,
3.20490e+02,1.60000e+01,1.60000e+01,1.60000e+01,1.60000e+01,1.60000e+01,1.60000e+01,1.60000e+01,1.60000e+01,1.60000e+01,1.60018e+01,1.63148e+01,
3.21119e+02,1.60000e+01,1.60000e+01,1.60000e+01,1.60000e+01,1.60000e+01,1.60000e+01,1.60000e+01,1.60000e+01,1.60000e+01,1.60017e+01,1.63085e+01,
3.21528e+02,1.60000e+01,1.60000e+01,1.60000e+01,1.60000e+01,1.60000e+01,1.60000e+01,1.60000e+01,1.60000e+01,1.60000e+01,1.60017e+01,1.63044e+01,
3.21931e+02,1.60000e+01,1.60000e+01,1.60000e+01,1.60000e+01,1.60000e+01,1.60000e+01,1.60000e+01,1.60000e+01,1.60000e+01,1.60016e+01,1.63005e+01,
3.22385e+02,1.60000e+01,1.60000e+01,1.60000e+01,1.60000e+01,1.60000e+01,1.60000e+01,1.60000e+01,1.60000e+01,1.60000e+01,1.60016e+01,1.62961e+01,
3.22900e+02,1.60000e+01,1.60000e+01,1.60000e+01,1.60000e+01,1.60000e+01,1.60000e+01,1.60000e+01,1.60000e+01,1.60000e+01,1.60015e+01,1.62913e+01,
3.23580e+02,1.60000e+01,1.60000e+01,1.60000e+01,1.60000e+01,1.60000e+01,1.60000e+01,1.60000e+01,1.60000e+01,1.60000e+01,1.60014e+01,1.62850e+01,
3.24260e+02,1.60000e+01,1.60000e+01,1.60000e+01,1.60000e+01,1.60000e+01,1.60000e+01,1.60000e+01,1.60000e+01,1.60000e+01,1.60014e+01,1.62788e+01,
3.24940e+02,1.60000e+01,1.60000e+01,1.60000e+01,1.60000e+01,1.60000e+01,1.60000e+01,1.60000e+01,1.60000e+01,1.60000e+01,1.60013e+01,1.62727e+01,
3.25620e+02,1.60000e+01,1.60000e+01,1.60000e+01,1.60000e+01,1.60000e+01,1.60000e+01,1.60000e+01,1.60000e+01,1.60000e+01,1.60012e+01,1.62669e+01,
3.26249e+02,1.60000e+01,1.60000e+01,1.60000e+01,1.60000e+01,1.60000e+01,1.60000e+01,1.60000e+01,1.60000e+01,1.60000e+01,1.60012e+01,1.62615e+01,
3.26658e+02,1.60000e+01,1.60000e+01,1.60000e+01,1.60000e+01,1.60000e+01,1.60000e+01,1.60000e+01,1.60000e+01,1.60000e+01,1.60011e+01,1.62581e+01,
3.27061e+02,1.60000e+01,1.60000e+01,1.60000e+01,1.60000e+01,1.60000e+01,1.60000e+01,1.60000e+01,1.60000e+01,1.60000e+01,1.60011e+01,1.62549e+01,
3.27515e+02,1.60000e+01,1.60000e+01,1.60000e+01,1.60000e+01,1.60000e+01,1.60000e+01,1.60000e+01,1.60000e+01,1.60000e+01,1.60010e+01,1.62512e+01,
3.28030e+02,1.60000e+01,1.60000e+01,1.60000e+01,1.60000e+01,1.60000e+01,1.60000e+01,1.60000e+01,1.60000e+01,1.60000e+01,1.60010e+01,1.62472e+01,
3.28710e+02,1.60000e+01,1.60000e+01,1.60000e+01,1.60000e+01,1.60000e+01,1.60000e+01,1.60000e+01,1.60000e+01,1.60000e+01,1.60010e+01,1.62420e+01,
3.29390e+02,1.60000e+01,1.60000e+01,1.60000e+01,1.60000e+01,1.60000e+01,1.60000e+01,1.60000e+01,1.60000e+01,1.60000e+01,1.60009e+01,1.62369e+01,
3.30070e+02,1.60000e+01,1.60000e+01,1.60000e+01,1.60000e+01,1.60000e+01,1.60000e+01,1.60000e+01,1.60000e+01,1.60000e+01,1.60009e+01,1.62320e+01,
3.30699e+02,1.60000e+01,1.60000e+01,1.60000e+01,1.60000e+01,1.60000e+01,1.60000e+01,1.60000e+01,1.60000e+01,1.60000e+01,1.60008e+01,1.62276e+01,
3.31310e+02,1.60000e+01,1.60000e+01,1.60000e+01,1.60000e+01,1.60000e+01,1.60000e+01,1.60000e+01,1.60000e+01,1.60000e+01,1.60008e+01,1.62234e+01,
3.31965e+02,1.60000e+01,1.60000e+01,1.60000e+01,1.60000e+01,1.60000e+01,1.60000e+01,1.60000e+01,1.60000e+01,1.60000e+01,1.60007e+01,1.62191e+01,
3.32480e+02,1.60000e+01,1.60000e+01,1.60000e+01,1.60000e+01,1.60000e+01,1.60000e+01,1.60000e+01,1.60000e+01,1.60000e+01,1.60007e+01,1.62158e+01,
3.33160e+02,1.60000e+01,1.60000e+01,1.60000e+01,1.60000e+01,1.60000e+01,1.60000e+01,1.60000e+01,1.60000e+01,1.60000e+01,1.60007e+01,1.62116e+01,
3.33840e+02,1.60000e+01,1.60000e+01,1.60000e+01,1.60000e+01,1.60000e+01,1.60000e+01,1.60000e+01,1.60000e+01,1.60000e+01,1.60006e+01,1.62076e+01,
3.34520e+02,1.60000e+01,1.60000e+01,1.60000e+01,1.60000e+01,1.60000e+01,1.60000e+01,1.60000e+01,1.60000e+01,1.60000e+01,1.60006e+01,1.62037e+01,
3.35200e+02,1.60000e+01,1.60000e+01,1.60000e+01,1.60000e+01,1.60000e+01,1.60000e+01,1.60000e+01,1.60000e+01,1.60000e+01,1.60006e+01,1.62000e+01,
3.35829e+02,1.60000e+01,1.60000e+01,1.60000e+01,1.60000e+01,1.60000e+01,1.60000e+01,1.60000e+01,1.60000e+01,1.60000e+01,1.60006e+01,1.61967e+01,
3.36440e+02,1.60000e+01,1.60000e+01,1.60000e+01,1.60000e+01,1.60000e+01,1.60000e+01,1.60000e+01,1.60000e+01,1.60000e+01,1.60005e+01,1.61936e+01,
3.37095e+02,1.60000e+01,1.60000e+01,1.60000e+01,1.60000e+01,1.60000e+01,1.60000e+01,1.60000e+01,1.60000e+01,1.60000e+01,1.60005e+01,1.61905e+01,
3.37610e+02,1.60000e+01,1.60000e+01,1.60000e+01,1.60000e+01,1.60000e+01,1.60000e+01,1.60000e+01,1.60000e+01,1.60000e+01,1.60005e+01,1.61881e+01,
3.38290e+02,1.60000e+01,1.60000e+01,1.60000e+01,1.60000e+01,1.60000e+01,1.60000e+01,1.60000e+01,1.60000e+01,1.60000e+01,1.60005e+01,1.61851e+01,
3.38970e+02,1.60000e+01,1.60000e+01,1.60000e+01,1.60000e+01,1.60000e+01,1.60000e+01,1.60000e+01,1.60000e+01,1.60000e+01,1.60005e+01,1.61823e+01,
3.39650e+02,1.60000e+01,1.60000e+01,1.60000e+01,1.60000e+01,1.60000e+01,1.60000e+01,1.60000e+01,1.60000e+01,1.60000e+01,1.60004e+01,1.61797e+01,
3.40330e+02,1.60000e+01,1.60000e+01,1.60000e+01,1.60000e+01,1.60000e+01,1.60000e+01,1.60000e+01,1.60000e+01,1.60000e+01,1.60004e+01,1.61772e+01,
3.40959e+02,1.60000e+01,1.60000e+01,1.60000e+01,1.60000e+01,1.60000e+01,1.60000e+01,1.60000e+01,1.60000e+01,1.60000e+01,1.60004e+01,1.61750e+01,
3.41570e+02,1.60000e+01,1.60000e+01,1.60000e+01,1.60000e+01,1.60000e+01,1.60000e+01,1.60000e+01,1.60000e+01,1.60000e+01,1.60004e+01,1.61731e+01,
3.42225e+02,1.60000e+01,1.60000e+01,1.60000e+01,1.60000e+01,1.60000e+01,1.60000e+01,1.60000e+01,1.60000e+01,1.60000e+01,1.60004e+01,1.61711e+01,
3.42740e+02,1.60000e+01,1.60000e+01,1.60000e+01,1.60000e+01,1.60000e+01,1.60000e+01,1.60000e+01,1.60000e+01,1.60000e+01,1.60004e+01,1.61697e+01,
3.43420e+02,1.60000e+01,1.60000e+01,1.60000e+01,1.60000e+01,1.60000e+01,1.60000e+01,1.60000e+01,1.60000e+01,1.60000e+01,1.60004e+01,1.61680e+01,
3.44100e+02,1.60000e+01,1.60000e+01,1.60000e+01,1.60000e+01,1.60000e+01,1.60000e+01,1.60000e+01,1.60000e+01,1.60000e+01,1.60004e+01,1.61664e+01,
3.44780e+02,1.60000e+01,1.60000e+01,1.60000e+01,1.60000e+01,1.60000e+01,1.60000e+01,1.60000e+01,1.60000e+01,1.60000e+01,1.60003e+01,1.61651e+01,
3.45460e+02,1.60000e+01,1.60000e+01,1.60000e+01,1.60000e+01,1.60000e+01,1.60000e+01,1.60000e+01,1.60000e+01,1.60000e+01,1.60003e+01,1.61638e+01,
3.46089e+02,1.60000e+01,1.60000e+01,1.60000e+01,1.60000e+01,1.60000e+01,1.60000e+01,1.60000e+01,1.60000e+01,1.60000e+01,1.60003e+01,1.61629e+01,
3.46700e+02,1.60000e+01,1.60000e+01,1.60000e+01,1.60000e+01,1.60000e+01,1.60000e+01,1.60000e+01,1.60000e+01,1.60000e+01,1.60003e+01,1.61621e+01,
3.47355e+02,1.60000e+01,1.60000e+01,1.60000e+01,1.60000e+01,1.60000e+01,1.60000e+01,1.60000e+01,1.60000e+01,1.60000e+01,1.60003e+01,1.61613e+01,
3.47870e+02,1.60000e+01,1.60000e+01,1.60000e+01,1.60000e+01,1.60000e+01,1.60000e+01,1.60000e+01,1.60000e+01,1.60000e+01,1.60003e+01,1.61609e+01,
3.48550e+02,1.60000e+01,1.60000e+01,1.60000e+01,1.60000e+01,1.60000e+01,1.60000e+01,1.60000e+01,1.60000e+01,1.60000e+01,1.60003e+01,1.61604e+01,
3.49179e+02,1.60000e+01,1.60000e+01,1.60000e+01,1.60000e+01,1.60000e+01,1.60000e+01,1.60000e+01,1.60000e+01,1.60000e+01,1.60003e+01,1.61602e+01,
3.49729e+02,1.60000e+01,1.60000e+01,1.60000e+01,1.60000e+01,1.60000e+01,1.60000e+01,1.60000e+01,1.60000e+01,1.60000e+01,1.60003e+01,1.61601e+01,
3.50000e+02,1.60000e+01,1.60000e+01,1.60000e+01,1.60000e+01,1.60000e+01,1.60000e+01,1.60000e+01,1.60000e+01,1.60000e+01,1.60003e+01,1.61601e+01,
